date,usdcny
2019-07-01,6.852
2019-06-30,6.8667
2019-06-29,6.8668
2019-06-28,6.8668
2019-06-27,6.877000000000002
2019-06-26,6.8801
2019-06-25,6.8797
2019-06-24,6.8771
2019-06-23,6.8697
2019-06-22,6.87
2019-06-21,6.87
2019-06-20,6.8519
2019-06-19,6.9036
2019-06-18,6.9035
2019-06-17,6.9258
2019-06-16,6.9257
2019-06-15,6.9254
2019-06-14,6.9254
2019-06-13,6.9217
2019-06-12,6.9179999999999975
2019-06-11,6.9111
2019-06-10,6.931
2019-06-09,6.9097
2019-06-08,6.9098
2019-06-07,6.9098
2019-06-06,6.91
2019-06-05,6.9091
2019-06-04,6.9083
2019-06-03,6.9036
2019-06-02,6.9049
2019-06-01,6.9051
2019-05-31,6.9051
2019-05-30,6.9017
2019-05-29,6.9143
2019-05-28,6.9102
2019-05-27,6.8982
2019-05-26,6.9001
2019-05-25,6.9002
2019-05-24,6.9003
2019-05-23,6.9105
2019-05-22,6.9061
2019-05-21,6.9023
2019-05-20,6.9123
2019-05-19,6.9184
2019-05-18,6.9185
2019-05-17,6.9185
2019-05-16,6.8838
2019-05-15,6.8761
2019-05-14,6.8759
2019-05-13,6.8784
2019-05-12,6.8241
2019-05-11,6.824
2019-05-10,6.824
2019-05-09,6.8275
2019-05-08,6.783
2019-05-07,6.7769
2019-05-06,6.7645
2019-05-05,6.7345
2019-05-04,6.7346
2019-05-03,6.7346
2019-05-02,6.7344
2019-05-01,6.7348
2019-04-30,6.7349
2019-04-29,6.7338
2019-04-28,6.7298
2019-04-27,6.7297
2019-04-26,6.7299
2019-04-25,6.7432
2019-04-24,6.7219
2019-04-23,6.7259
2019-04-22,6.7094
2019-04-21,6.7042
2019-04-20,6.7044
2019-04-19,6.7044
2019-04-18,6.7091
2019-04-17,6.6881
2019-04-16,6.7122
2019-04-15,6.7089
2019-04-14,6.7042
2019-04-13,6.7042
2019-04-12,6.7042
2019-04-11,6.7196
2019-04-10,6.716
2019-04-09,6.7117
2019-04-08,6.7163
2019-04-07,6.7179
2019-04-06,6.7179
2019-04-05,6.7179
2019-04-04,6.7172
2019-04-03,6.7115
2019-04-02,6.7233
2019-04-01,6.7113
2019-03-31,6.7121
2019-03-30,6.7120000000000015
2019-03-29,6.7120000000000015
2019-03-28,6.7393
2019-03-27,6.7269
2019-03-26,6.7156
2019-03-25,6.7091
2019-03-24,6.7181
2019-03-23,6.7181
2019-03-22,6.7181
2019-03-21,6.6989
2019-03-20,6.6944
2019-03-19,6.7119
2019-03-18,6.712999999999999
2019-03-17,6.7136
2019-03-16,6.7133
2019-03-15,6.7133
2019-03-14,6.7229
2019-03-13,6.7069
2019-03-12,6.7085
2019-03-11,6.7261
2019-03-10,6.7216
2019-03-09,6.7214
2019-03-08,6.7215
2019-03-07,6.715
2019-03-06,6.7116
2019-03-05,6.7074
2019-03-04,6.7073
2019-03-03,6.7065
2019-03-02,6.7066
2019-03-01,6.7064
2019-02-28,6.694
2019-02-27,6.6871
2019-02-26,6.7002
2019-02-25,6.6893
2019-02-24,6.7144
2019-02-23,6.7139
2019-02-22,6.7142
2019-02-21,6.7201
2019-02-20,6.7211
2019-02-19,6.7587
2019-02-18,6.7664
2019-02-17,6.773
2019-02-16,6.7732
2019-02-15,6.7731
2019-02-14,6.7722
2019-02-13,6.7604
2019-02-12,6.7739
2019-02-11,6.7926
2019-02-10,6.7448
2019-02-09,6.7448
2019-02-08,6.7448
2019-02-07,6.745
2019-02-06,6.7447
2019-02-05,6.745
2019-02-04,6.745
2019-02-03,6.7445
2019-02-02,6.7447
2019-02-01,6.7447
2019-01-31,6.7007
2019-01-30,6.7165
2019-01-29,6.7328
2019-01-28,6.7453
2019-01-27,6.7474
2019-01-26,6.7485
2019-01-25,6.7486
2019-01-24,6.7885
2019-01-23,6.7918
2019-01-22,6.8077
2019-01-21,6.7983
2019-01-20,6.7788
2019-01-19,6.7788
2019-01-18,6.7788
2019-01-17,6.7764
2019-01-16,6.7571
2019-01-15,6.761
2019-01-14,6.7681
2019-01-13,6.7628
2019-01-12,6.7627
2019-01-11,6.7627
2019-01-10,6.7885
2019-01-09,6.8165
2019-01-08,6.8531
2019-01-07,6.851
2019-01-06,6.8696
2019-01-05,6.8693
2019-01-04,6.8694
2019-01-03,6.8719
2019-01-02,6.8619
2019-01-01,6.8785
2018-12-31,6.8783
2018-12-30,6.8782
2018-12-29,6.8782
2018-12-28,6.8782
2018-12-27,6.8664
2018-12-26,6.899
2018-12-25,6.8993
2018-12-24,6.8991
2018-12-23,6.9063
2018-12-22,6.9065
2018-12-21,6.9065
2018-12-20,6.8851
2018-12-19,6.8918
2018-12-18,6.8951
2018-12-17,6.8969
2018-12-16,6.9077
2018-12-15,6.9076
2018-12-14,6.9076
2018-12-13,6.8815
2018-12-12,6.8801
2018-12-11,6.8999
2018-12-10,6.9118
2018-12-09,6.8754
2018-12-08,6.8744
2018-12-07,6.8744
2018-12-06,6.8829
2018-12-05,6.8567
2018-12-04,6.8370000000000015
2018-12-03,6.8832
2018-12-02,6.9591
2018-12-01,6.9588
2018-11-30,6.959
2018-11-29,6.9424
2018-11-28,6.9538
2018-11-27,6.9517
2018-11-26,6.9407
2018-11-25,6.9485
2018-11-24,6.9486
2018-11-23,6.9486
2018-11-22,6.9318
2018-11-21,6.9273
2018-11-20,6.9452
2018-11-19,6.9421
2018-11-18,6.938
2018-11-17,6.9379
2018-11-16,6.938
2018-11-15,6.9391
2018-11-14,6.9504
2018-11-13,6.956
2018-11-12,6.9634
2018-11-11,6.9571
2018-11-10,6.9571
2018-11-09,6.9570000000000025
2018-11-08,6.9342
2018-11-07,6.9199
2018-11-06,6.9195
2018-11-05,6.9259
2018-11-04,6.8909
2018-11-03,6.8908
2018-11-02,6.8908
2018-11-01,6.9232
2018-10-31,6.9754
2018-10-30,6.9673
2018-10-29,6.9618
2018-10-28,6.9435
2018-10-27,6.9436
2018-10-26,6.9435
2018-10-25,6.9489
2018-10-24,6.944
2018-10-23,6.9382
2018-10-22,6.9474
2018-10-21,6.9294
2018-10-20,6.9296
2018-10-19,6.9296
2018-10-18,6.9379
2018-10-17,6.9273
2018-10-16,6.912000000000001
2018-10-15,6.9166
2018-10-14,6.9224
2018-10-13,6.9222
2018-10-12,6.9222
2018-10-11,6.8898
2018-10-10,6.9242
2018-10-09,6.9228
2018-10-08,6.9308
2018-10-07,6.869
2018-10-06,6.8689
2018-10-05,6.8689
2018-10-04,6.8689
2018-10-03,6.8691
2018-10-02,6.8689
2018-10-01,6.8689
2018-09-30,6.8689
2018-09-29,6.869
2018-09-28,6.869
2018-09-27,6.8904
2018-09-26,6.8783
2018-09-25,6.8686
2018-09-24,6.856
2018-09-23,6.8427
2018-09-22,6.8577
2018-09-21,6.8577
2018-09-20,6.8466
2018-09-19,6.848
2018-09-18,6.8607
2018-09-17,6.8572
2018-09-16,6.8669
2018-09-15,6.8707
2018-09-14,6.8707
2018-09-13,6.8455
2018-09-12,6.8617
2018-09-11,6.8723
2018-09-10,6.856
2018-09-09,6.8425
2018-09-08,6.8437
2018-09-07,6.8439
2018-09-06,6.8348
2018-09-05,6.8303
2018-09-04,6.8458
2018-09-03,6.823
2018-09-02,6.8357
2018-09-01,6.8302
2018-08-31,6.8302
2018-08-30,6.8448
2018-08-29,6.8207
2018-08-28,6.8024
2018-08-27,6.8144
2018-08-26,6.8054
2018-08-25,6.8062
2018-08-24,6.8062
2018-08-23,6.8764
2018-08-22,6.8414
2018-08-21,6.8473
2018-08-20,6.8573
2018-08-19,6.8809
2018-08-18,6.8745
2018-08-17,6.8745
2018-08-16,6.882999999999999
2018-08-15,6.9348
2018-08-14,6.882999999999999
2018-08-13,6.8916
2018-08-12,6.8538
2018-08-11,6.8458
2018-08-10,6.8458
2018-08-09,6.8212
2018-08-08,6.8355
2018-08-07,6.8309
2018-08-06,6.8529
2018-08-05,6.8321
2018-08-04,6.8297
2018-08-03,6.8297
2018-08-02,6.8424
2018-08-01,6.8224
2018-07-31,6.8132
2018-07-30,6.8149
2018-07-29,6.8124
2018-07-28,6.8117
2018-07-27,6.8117
2018-07-26,6.7926
2018-07-25,6.7705
2018-07-24,6.7934
2018-07-23,6.7926
2018-07-22,6.7637
2018-07-21,6.7706
2018-07-20,6.7706
2018-07-19,6.7749
2018-07-18,6.7172
2018-07-17,6.7056
2018-07-16,6.6912
2018-07-15,6.6931
2018-07-14,6.6884
2018-07-13,6.6882
2018-07-12,6.6677
2018-07-11,6.6814
2018-07-10,6.6278
2018-07-09,6.6153
2018-07-08,6.6407
2018-07-07,6.6426
2018-07-06,6.6425
2018-07-05,6.6374
2018-07-04,6.6329
2018-07-03,6.6427
2018-07-02,6.6655
2018-07-01,6.627999999999999
2018-06-30,6.6222
2018-06-29,6.6227
2018-06-28,6.6256
2018-06-27,6.6047
2018-06-26,6.58
2018-06-25,6.5393
2018-06-24,6.5019
2018-06-23,6.5053
2018-06-22,6.5053
2018-06-21,6.4924
2018-06-20,6.4744
2018-06-19,6.484
2018-06-18,6.4392
2018-06-17,6.4458
2018-06-16,6.4373
2018-06-15,6.4373
2018-06-14,6.402
2018-06-13,6.3993
2018-06-12,6.4051
2018-06-11,6.4017
2018-06-10,6.381
2018-06-09,6.4008
2018-06-08,6.4008
2018-06-07,6.3902
2018-06-06,6.3888
2018-06-05,6.4057
2018-06-04,6.4099
2018-06-03,6.4344
2018-06-02,6.4205
2018-06-01,6.4204
2018-05-31,6.4098
2018-05-30,6.4189
2018-05-29,6.4171
2018-05-28,6.3994
2018-05-27,6.3714
2018-05-26,6.3883
2018-05-25,6.3882
2018-05-24,6.3779
2018-05-23,6.3875
2018-05-22,6.3661
2018-05-21,6.3827
2018-05-20,6.3849
2018-05-19,6.3786
2018-05-18,6.3781
2018-05-17,6.3660000000000005
2018-05-16,6.3714
2018-05-15,6.377999999999999
2018-05-14,6.3375
2018-05-13,6.35
2018-05-12,6.3339
2018-05-11,6.3248
2018-05-10,6.348
2018-05-09,6.3616
2018-05-08,6.3715
2018-05-07,6.3669
2018-05-06,6.3565
2018-05-05,6.356
2018-05-04,6.3564
2018-05-03,6.3538
2018-05-02,6.3641
2018-05-01,6.346
2018-04-30,6.334
2018-04-29,6.337999999999999
2018-04-28,6.3325
2018-04-27,6.3325
2018-04-26,6.3368
2018-04-25,6.3261
2018-04-24,6.3056
2018-04-23,6.3162
2018-04-22,6.3003
2018-04-21,6.2941
2018-04-20,6.2953
2018-04-19,6.28
2018-04-18,6.2729
2018-04-17,6.2821
2018-04-16,6.2767
2018-04-15,6.277
2018-04-14,6.275
2018-04-13,6.275
2018-04-12,6.2908
2018-04-11,6.2676
2018-04-10,6.2818
2018-04-09,6.3068
2018-04-08,6.3074
2018-04-07,6.3019
2018-04-06,6.3019
2018-04-05,6.3053
2018-04-04,6.3053
2018-04-03,6.2897
2018-04-02,6.2766
2018-04-01,6.2827
2018-03-31,6.2869
2018-03-30,6.2866
2018-03-29,6.2891
2018-03-28,6.2979
2018-03-27,6.2827
2018-03-26,6.2727
2018-03-25,6.3169
2018-03-24,6.3124
2018-03-23,6.3109
2018-03-22,6.3345
2018-03-21,6.3232
2018-03-20,6.3339
2018-03-19,6.3321
2018-03-18,6.339
2018-03-17,6.3316
2018-03-16,6.3316
2018-03-15,6.3218
2018-03-14,6.3169
2018-03-13,6.3211
2018-03-12,6.3297
2018-03-11,6.3313
2018-03-10,6.3313
2018-03-09,6.3313
2018-03-08,6.3421
2018-03-07,6.3251
2018-03-06,6.3112
2018-03-05,6.3498
2018-03-04,6.3502
2018-03-03,6.3483
2018-03-02,6.3482
2018-03-01,6.36
2018-02-28,6.3314
2018-02-27,6.3185
2018-02-26,6.3154
2018-02-25,6.3581
2018-02-24,6.3364
2018-02-23,6.335
2018-02-22,6.3511
2018-02-21,6.3477
2018-02-20,6.3482
2018-02-19,6.3486
2018-02-18,6.3411
2018-02-17,6.3467
2018-02-16,6.3457
2018-02-15,6.3474
2018-02-14,6.347
2018-02-13,6.3405
2018-02-12,6.3259
2018-02-11,6.2901
2018-02-10,6.2887
2018-02-09,6.2889
2018-02-08,6.3281
2018-02-07,6.2689
2018-02-06,6.2847
2018-02-05,6.2907
2018-02-04,6.3077
2018-02-03,6.3039999999999985
2018-02-02,6.3032
2018-02-01,6.2989
2018-01-31,6.2854
2018-01-30,6.3236
2018-01-29,6.3402
2018-01-28,6.3182
2018-01-27,6.3157
2018-01-26,6.3157
2018-01-25,6.3252
2018-01-24,6.3714
2018-01-23,6.4055
2018-01-22,6.4048
2018-01-21,6.3863
2018-01-20,6.4061
2018-01-19,6.4067
2018-01-18,6.4239
2018-01-17,6.4334
2018-01-16,6.4449
2018-01-15,6.4385
2018-01-14,6.4565
2018-01-13,6.4537
2018-01-12,6.4525
2018-01-11,6.4929999999999986
2018-01-10,6.5075
2018-01-09,6.5296
2018-01-08,6.4986
2018-01-07,6.5011
2018-01-06,6.4878
2018-01-05,6.4878
2018-01-04,6.4928
2018-01-03,6.5057
2018-01-02,6.4935
2018-01-01,6.5203
2017-12-31,6.5247
2017-12-30,6.5027
2017-12-29,6.502999999999999
2017-12-28,6.5334
2017-12-27,6.5566
2017-12-26,6.5458
2017-12-25,6.5705
2017-12-24,6.5792
2017-12-23,6.5752
2017-12-22,6.5752
2017-12-21,6.5867
2017-12-20,6.5795
2017-12-19,6.605
2017-12-18,6.6173
2017-12-17,6.6138
2017-12-16,6.6107
2017-12-15,6.6107
2017-12-14,6.6087
2017-12-13,6.6161
2017-12-12,6.6208
2017-12-11,6.6187
2017-12-10,6.6199
2017-12-09,6.6168
2017-12-08,6.6159
2017-12-07,6.6195
2017-12-06,6.615
2017-12-05,6.6192
2017-12-04,6.6194
2017-12-03,6.6317
2017-12-02,6.6156
2017-12-01,6.6138
2017-11-30,6.6147
2017-11-29,6.6109
2017-11-28,6.6082
2017-11-27,6.5959
2017-11-26,6.5425
2017-11-25,6.6012
2017-11-24,6.601
2017-11-23,6.5837
2017-11-22,6.6101
2017-11-21,6.6282
2017-11-20,6.6353
2017-11-19,6.6592
2017-11-18,6.6276
2017-11-17,6.6287
2017-11-16,6.629
2017-11-15,6.6237
2017-11-14,6.6354
2017-11-13,6.6412
2017-11-12,6.6415
2017-11-11,6.6415
2017-11-10,6.6415
2017-11-09,6.6403
2017-11-08,6.6279
2017-11-07,6.6397
2017-11-06,6.6339
2017-11-05,6.6388
2017-11-04,6.6389999999999985
2017-11-03,6.6389999999999985
2017-11-02,6.609
2017-11-01,6.6027
2017-10-31,6.6348
2017-10-30,6.6463
2017-10-29,6.6514
2017-10-28,6.6514
2017-10-27,6.6514
2017-10-26,6.6425
2017-10-25,6.6392
2017-10-24,6.6356
2017-10-23,6.6401
2017-10-22,6.6207
2017-10-21,6.6206
2017-10-20,6.6206
2017-10-19,6.6148
2017-10-18,6.6274
2017-10-17,6.6233
2017-10-16,6.5897
2017-10-15,6.5794
2017-10-14,6.5796
2017-10-13,6.5796
2017-10-12,6.5879
2017-10-11,6.5902
2017-10-10,6.5716
2017-10-09,6.6256
2017-10-08,6.6534
2017-10-07,6.6531
2017-10-06,6.6531
2017-10-05,6.6534
2017-10-04,6.6532
2017-10-03,6.6534
2017-10-02,6.6534
2017-10-01,6.6534
2017-09-30,6.6533
2017-09-29,6.6533
2017-09-28,6.664
2017-09-27,6.6426
2017-09-26,6.64
2017-09-25,6.6211
2017-09-24,6.5909
2017-09-23,6.591
2017-09-22,6.591
2017-09-21,6.5901
2017-09-20,6.5748
2017-09-19,6.5835
2017-09-18,6.5743
2017-09-17,6.5524
2017-09-16,6.5523
2017-09-15,6.5523
2017-09-14,6.5561
2017-09-13,6.5429999999999975
2017-09-12,6.5352
2017-09-11,6.5298
2017-09-10,6.4816
2017-09-09,6.4814
2017-09-08,6.4814
2017-09-07,6.4867
2017-09-06,6.5239
2017-09-05,6.5386
2017-09-04,6.5308
2017-09-03,6.5592
2017-09-02,6.5588
2017-09-01,6.5588
2017-08-31,6.5897
2017-08-30,6.5944
2017-08-29,6.5966
2017-08-28,6.6088
2017-08-27,6.6499
2017-08-26,6.6497
2017-08-25,6.6497
2017-08-24,6.6619
2017-08-23,6.659
2017-08-22,6.6623
2017-08-21,6.6658
2017-08-20,6.6712
2017-08-19,6.671
2017-08-18,6.671
2017-08-17,6.6754
2017-08-16,6.6914
2017-08-15,6.6856
2017-08-14,6.6713
2017-08-13,6.6647
2017-08-12,6.6645
2017-08-11,6.6645
2017-08-10,6.6476
2017-08-09,6.6741
2017-08-08,6.7066
2017-08-07,6.7213
2017-08-06,6.7288
2017-08-05,6.7287
2017-08-04,6.7287
2017-08-03,6.7168
2017-08-02,6.7218
2017-08-01,6.7184
2017-07-31,6.7263
2017-07-30,6.7372
2017-07-29,6.7371
2017-07-28,6.7371
2017-07-27,6.7428
2017-07-26,6.7539
2017-07-25,6.751
2017-07-24,6.7513
2017-07-23,6.7666
2017-07-22,6.7668
2017-07-21,6.7668
2017-07-20,6.7594
2017-07-19,6.7516
2017-07-18,6.7462
2017-07-17,6.7697
2017-07-16,6.7759
2017-07-15,6.776
2017-07-14,6.776
2017-07-13,6.7836
2017-07-12,6.7878
2017-07-11,6.8022
2017-07-10,6.8034
2017-07-09,6.806
2017-07-08,6.8058
2017-07-07,6.8058
2017-07-06,6.8014
2017-07-05,6.8015
2017-07-04,6.8006
2017-07-03,6.8009
2017-07-02,6.7807
2017-07-01,6.7809
2017-06-30,6.7809
2017-06-29,6.7869
2017-06-28,6.7997
2017-06-27,6.8123
2017-06-26,6.841
2017-06-25,6.8364
2017-06-24,6.8365
2017-06-23,6.8365
2017-06-22,6.8349
2017-06-21,6.8294
2017-06-20,6.8292
2017-06-19,6.8193
2017-06-18,6.8103
2017-06-17,6.8103
2017-06-16,6.8103
2017-06-15,6.8077
2017-06-14,6.7916
2017-06-13,6.7988
2017-06-12,6.7979
2017-06-11,6.7979
2017-06-10,6.797999999999999
2017-06-09,6.797999999999999
2017-06-08,6.8001
2017-06-07,6.7958
2017-06-06,6.7953
2017-06-05,6.8041
2017-06-04,6.8117
2017-06-03,6.8117
2017-06-02,6.8117
2017-06-01,6.8075
2017-05-31,6.81
2017-05-30,6.8556
2017-05-29,6.8557
2017-05-28,6.8556
2017-05-27,6.8557
2017-05-26,6.8557
2017-05-25,6.8687
2017-05-24,6.8897
2017-05-23,6.8898
2017-05-22,6.8863
2017-05-21,6.8849
2017-05-20,6.8849
2017-05-19,6.8849
2017-05-18,6.8891
2017-05-17,6.8819
2017-05-16,6.8866
2017-05-15,6.8928
2017-05-14,6.8996
2017-05-13,6.8991
2017-05-12,6.8991
2017-05-11,6.9038
2017-05-10,6.9029
2017-05-09,6.9076
2017-05-08,6.9042
2017-05-07,6.9031
2017-05-06,6.9029
2017-05-05,6.9029
2017-05-04,6.8959
2017-05-03,6.8989
2017-05-02,6.8959
2017-05-01,6.8933
2017-04-30,6.8934
2017-04-29,6.8937
2017-04-28,6.8937
2017-04-27,6.8976
2017-04-26,6.8929
2017-04-25,6.8844
2017-04-24,6.8846
2017-04-23,6.886
2017-04-22,6.886
2017-04-21,6.886
2017-04-20,6.8821
2017-04-19,6.888
2017-04-18,6.8817
2017-04-17,6.8825
2017-04-16,6.8852
2017-04-15,6.8852
2017-04-14,6.8852
2017-04-13,6.8901
2017-04-12,6.8917
2017-04-11,6.8924
2017-04-10,6.903
2017-04-09,6.9004
2017-04-08,6.9005
2017-04-07,6.9005
2017-04-06,6.8978
2017-04-05,6.8945
2017-04-04,6.8868
2017-04-03,6.8868
2017-04-02,6.8873
2017-04-01,6.8869
2017-03-31,6.8869
2017-03-30,6.8894
2017-03-29,6.8899
2017-03-28,6.8728
2017-03-27,6.8728
2017-03-26,6.8836
2017-03-25,6.8839
2017-03-24,6.8839
2017-03-23,6.886
2017-03-22,6.8829
2017-03-21,6.8872
2017-03-20,6.9085
2017-03-19,6.9033
2017-03-18,6.9031
2017-03-17,6.9031
2017-03-16,6.8982
2017-03-15,6.9144
2017-03-14,6.9149
2017-03-13,6.9145
2017-03-12,6.9096
2017-03-11,6.9097
2017-03-10,6.9097
2017-03-09,6.9112
2017-03-08,6.9129999999999985
2017-03-07,6.9025
2017-03-06,6.8974
2017-03-05,6.8971
2017-03-04,6.8973
2017-03-03,6.8973
2017-03-02,6.89
2017-03-01,6.8817
2017-02-28,6.8675
2017-02-27,6.8706
2017-02-26,6.8691
2017-02-25,6.8688
2017-02-24,6.8688
2017-02-23,6.8662
2017-02-22,6.8779
2017-02-21,6.8838
2017-02-20,6.8784
2017-02-19,6.8666
2017-02-18,6.8663
2017-02-17,6.8663
2017-02-16,6.8536
2017-02-15,6.8714
2017-02-14,6.8676
2017-02-13,6.8816
2017-02-12,6.8782
2017-02-11,6.8784
2017-02-10,6.8784
2017-02-09,6.8688
2017-02-08,6.8722
2017-02-07,6.8844
2017-02-06,6.863
2017-02-05,6.8698
2017-02-04,6.8696
2017-02-03,6.8696
2017-02-02,6.8819
2017-02-01,6.8815
2017-01-31,6.8816
2017-01-30,6.8815
2017-01-29,6.8818
2017-01-28,6.8816
2017-01-27,6.8816
2017-01-26,6.8815
2017-01-25,6.8838
2017-01-24,6.8592
2017-01-23,6.8538
2017-01-22,6.8763
2017-01-21,6.8763
2017-01-20,6.8763
2017-01-19,6.8714
2017-01-18,6.839
2017-01-17,6.8546
2017-01-16,6.9007
2017-01-15,6.9005
2017-01-14,6.9003
2017-01-13,6.9003
2017-01-12,6.8912
2017-01-11,6.9374
2017-01-10,6.9216
2017-01-09,6.9372
2017-01-08,6.9209
2017-01-07,6.9207
2017-01-06,6.9207
2017-01-05,6.8902
2017-01-04,6.9352
2017-01-03,6.9608
2017-01-02,6.9452
2017-01-01,6.9451
2016-12-31,6.9451
2016-12-30,6.9451
2016-12-29,6.9551
2016-12-28,6.9594
2016-12-27,6.9527
2016-12-26,6.9488
2016-12-25,6.9461
2016-12-24,6.9465
2016-12-23,6.9465
2016-12-22,6.9506
2016-12-21,6.9421
2016-12-20,6.9507
2016-12-19,6.954
2016-12-18,6.96
2016-12-17,6.9603
2016-12-16,6.9603
2016-12-15,6.9441
2016-12-14,6.9052
2016-12-13,6.9017
2016-12-12,6.9066
2016-12-11,6.9075
2016-12-10,6.9076
2016-12-09,6.9076
2016-12-08,6.8797
2016-12-07,6.8803
2016-12-06,6.8823
2016-12-05,6.881
2016-12-04,6.8867
2016-12-03,6.8862
2016-12-02,6.8862
2016-12-01,6.8867
2016-11-30,6.8871
2016-11-29,6.8968
2016-11-28,6.9089
2016-11-27,6.9196
2016-11-26,6.9195
2016-11-25,6.9195
2016-11-24,6.9193
2016-11-23,6.9203
2016-11-22,6.8902
2016-11-21,6.8927
2016-11-20,6.8883
2016-11-19,6.8884
2016-11-18,6.8884
2016-11-17,6.8781
2016-11-16,6.8804
2016-11-15,6.859
2016-11-14,6.8467
2016-11-13,6.8126
2016-11-12,6.8125
2016-11-11,6.8125
2016-11-10,6.8020000000000005
2016-11-09,6.7801
2016-11-08,6.7872
2016-11-07,6.7768
2016-11-06,6.7565
2016-11-05,6.7566
2016-11-04,6.7566
2016-11-03,6.7643
2016-11-02,6.7568
2016-11-01,6.7663
2016-10-31,6.7755
2016-10-30,6.7787
2016-10-29,6.7787
2016-10-28,6.7787
2016-10-27,6.7853
2016-10-26,6.7711
2016-10-25,6.7810000000000015
2016-10-24,6.7751
2016-10-23,6.7666
2016-10-22,6.7667
2016-10-21,6.7667
2016-10-20,6.7455
2016-10-19,6.7379
2016-10-18,6.7409
2016-10-17,6.7373
2016-10-16,6.7289
2016-10-15,6.7287
2016-10-14,6.7287
2016-10-13,6.7272
2016-10-12,6.7188
2016-10-11,6.7218
2016-10-10,6.7074
2016-10-09,6.6714
2016-10-08,6.6713
2016-10-07,6.6713
2016-10-06,6.6713
2016-10-05,6.6715
2016-10-04,6.6716
2016-10-03,6.6714
2016-10-02,6.6715
2016-10-01,6.6718
2016-09-30,6.6718
2016-09-29,6.6673
2016-09-28,6.6751
2016-09-27,6.6701
2016-09-26,6.6686
2016-09-25,6.6692
2016-09-24,6.6692
2016-09-23,6.6692
2016-09-22,6.6649
2016-09-21,6.6723
2016-09-20,6.6721
2016-09-19,6.6685
2016-09-18,6.6732
2016-09-17,6.6733
2016-09-16,6.6733
2016-09-15,6.6734
2016-09-14,6.6732
2016-09-13,6.6795
2016-09-12,6.6804
2016-09-11,6.6778
2016-09-10,6.6778
2016-09-09,6.6778
2016-09-08,6.664
2016-09-07,6.6625
2016-09-06,6.6755
2016-09-05,6.6767
2016-09-04,6.6721
2016-09-03,6.6721
2016-09-02,6.6721
2016-09-01,6.6719
2016-08-31,6.6720000000000015
2016-08-30,6.6718
2016-08-29,6.6717
2016-08-28,6.6717
2016-08-27,6.6717
2016-08-26,6.6717
2016-08-25,6.6595
2016-08-24,6.659
2016-08-23,6.641
2016-08-22,6.6509
2016-08-21,6.6534
2016-08-20,6.6532
2016-08-19,6.6532
2016-08-18,6.6311
2016-08-17,6.6343
2016-08-16,6.6255
2016-08-15,6.6379
2016-08-14,6.6355
2016-08-13,6.6351
2016-08-12,6.6351
2016-08-11,6.6276
2016-08-10,6.6378
2016-08-09,6.6558
2016-08-08,6.6612
2016-08-07,6.6566
2016-08-06,6.6563
2016-08-05,6.6563
2016-08-04,6.6418
2016-08-03,6.6343
2016-08-02,6.627000000000002
2016-08-01,6.6438
2016-07-31,6.6374
2016-07-30,6.6372
2016-07-29,6.6372
2016-07-28,6.6551
2016-07-27,6.6699
2016-07-26,6.6718
2016-07-25,6.6785
2016-07-24,6.6792
2016-07-23,6.6795
2016-07-22,6.6795
2016-07-21,6.6755
2016-07-20,6.6777
2016-07-19,6.6961
2016-07-18,6.7044
2016-07-17,6.6886
2016-07-16,6.6885
2016-07-15,6.6885
2016-07-14,6.6833
2016-07-13,6.6861
2016-07-12,6.6885
2016-07-11,6.6941
2016-07-10,6.6878
2016-07-09,6.6878
2016-07-08,6.6878
2016-07-07,6.6812
2016-07-06,6.6929
2016-07-05,6.6796
2016-07-04,6.6654
2016-07-03,6.6555
2016-07-02,6.6557
2016-07-01,6.6557
2016-06-30,6.6479
2016-06-29,6.6368
2016-06-28,6.6482
2016-06-27,6.6517
2016-06-26,6.6219
2016-06-25,6.6217
2016-06-24,6.6217
2016-06-23,6.5773
2016-06-22,6.5774
2016-06-21,6.5901
2016-06-20,6.577000000000001
2016-06-19,6.5883
2016-06-18,6.5882
2016-06-17,6.5882
2016-06-16,6.5919
2016-06-15,6.5820000000000025
2016-06-14,6.5966
2016-06-13,6.5858
2016-06-12,6.562
2016-06-11,6.5617
2016-06-10,6.5617
2016-06-09,6.5617
2016-06-08,6.5623
2016-06-07,6.5715
2016-06-06,6.5637
2016-06-05,6.5646
2016-06-04,6.5646
2016-06-03,6.5646
2016-06-02,6.5843
2016-06-01,6.5748
2016-05-31,6.5827
2016-05-30,6.5832
2016-05-29,6.5632
2016-05-28,6.5631
2016-05-27,6.5631
2016-05-26,6.5572
2016-05-25,6.5541
2016-05-24,6.5573
2016-05-23,6.5559
2016-05-22,6.549
2016-05-21,6.5489
2016-05-20,6.5489
2016-05-19,6.5469
2016-05-18,6.5386
2016-05-17,6.5204
2016-05-16,6.5211
2016-05-15,6.5321
2016-05-14,6.532
2016-05-13,6.532
2016-05-12,6.5165
2016-05-11,6.5012
2016-05-10,6.5183
2016-05-09,6.517
2016-05-08,6.5001
2016-05-07,6.5003
2016-05-06,6.5003
2016-05-05,6.5033
2016-05-04,6.4946
2016-05-03,6.4917
2016-05-02,6.4742
2016-05-01,6.4738
2016-04-30,6.4741
2016-04-29,6.4741
2016-04-28,6.4758
2016-04-27,6.4952
2016-04-26,6.4937
2016-04-25,6.4931
2016-04-24,6.5008
2016-04-23,6.5007
2016-04-22,6.5007
2016-04-21,6.4821
2016-04-20,6.4706
2016-04-19,6.4582
2016-04-18,6.4751
2016-04-17,6.4757
2016-04-16,6.4757
2016-04-15,6.4757
2016-04-14,6.4826
2016-04-13,6.4786
2016-04-12,6.4654
2016-04-11,6.4595
2016-04-10,6.4656
2016-04-09,6.4657
2016-04-08,6.4657
2016-04-07,6.4629
2016-04-06,6.4807
2016-04-05,6.4775
2016-04-04,6.4788
2016-04-03,6.4784
2016-04-02,6.4784
2016-04-01,6.4784
2016-03-31,6.4489
2016-03-30,6.4651
2016-03-29,6.5063
2016-03-28,6.5075
2016-03-27,6.5158
2016-03-26,6.5161
2016-03-25,6.5161
2016-03-24,6.5148
2016-03-23,6.5063
2016-03-22,6.49
2016-03-21,6.4847
2016-03-20,6.4715
2016-03-19,6.4715
2016-03-18,6.4715
2016-03-17,6.475
2016-03-16,6.5221
2016-03-15,6.5144
2016-03-14,6.5
2016-03-13,6.4952
2016-03-12,6.4953
2016-03-11,6.4953
2016-03-10,6.5086
2016-03-09,6.5129
2016-03-08,6.5045
2016-03-07,6.5168
2016-03-06,6.507999999999999
2016-03-05,6.507999999999999
2016-03-04,6.507999999999999
2016-03-03,6.5316
2016-03-02,6.5508
2016-03-01,6.5519
2016-02-29,6.5541
2016-02-28,6.5403
2016-02-27,6.5404
2016-02-26,6.5404
2016-02-25,6.5333
2016-02-24,6.5316
2016-02-23,6.5272
2016-02-22,6.5217
2016-02-21,6.5221
2016-02-20,6.5226
2016-02-19,6.5226
2016-02-18,6.5186
2016-02-17,6.5283
2016-02-16,6.5167
2016-02-15,6.4961
2016-02-14,6.5739
2016-02-13,6.5736
2016-02-12,6.5736
2016-02-11,6.5739
2016-02-10,6.5736
2016-02-09,6.5736
2016-02-08,6.5741
2016-02-07,6.5737
2016-02-06,6.5739
2016-02-05,6.5739
2016-02-04,6.5649
2016-02-03,6.5769
2016-02-02,6.5799
2016-02-01,6.5784
2016-01-31,6.5760000000000005
2016-01-30,6.5761
2016-01-29,6.5761
2016-01-28,6.575
2016-01-27,6.5779
2016-01-26,6.5824
2016-01-25,6.5793
2016-01-24,6.5792
2016-01-23,6.579
2016-01-22,6.579
2016-01-21,6.5799
2016-01-20,6.5784
2016-01-19,6.5787
2016-01-18,6.5788
2016-01-17,6.5851
2016-01-16,6.5847
2016-01-15,6.5847
2016-01-14,6.5901
2016-01-13,6.5754
2016-01-12,6.5723
2016-01-11,6.5695
2016-01-10,6.5962
2016-01-09,6.5965
2016-01-08,6.5965
2016-01-07,6.5928
2016-01-06,6.5567
2016-01-05,6.5223
2016-01-04,6.5353
2016-01-03,6.4937
2016-01-02,6.4935
2016-01-01,6.4935
2015-12-31,6.4935
2015-12-30,6.4913
2015-12-29,6.4847
2015-12-28,6.4887
2015-12-27,6.4773
2015-12-26,6.4774
2015-12-25,6.4774
2015-12-24,6.4774
2015-12-23,6.4778
2015-12-22,6.4789
2015-12-21,6.4807
2015-12-20,6.4817
2015-12-19,6.4812
2015-12-18,6.4812
2015-12-17,6.4837
2015-12-16,6.4735
2015-12-15,6.4608
2015-12-14,6.4589
2015-12-13,6.4554
2015-12-12,6.4552
2015-12-11,6.4552
2015-12-10,6.4379
2015-12-09,6.4281
2015-12-08,6.4174
2015-12-07,6.408
2015-12-06,6.4011
2015-12-05,6.401
2015-12-04,6.401
2015-12-03,6.3976
2015-12-02,6.3988
2015-12-01,6.3985
2015-11-30,6.3981
2015-11-29,6.3949
2015-11-28,6.3949
2015-11-27,6.3949
2015-11-26,6.3894
2015-11-25,6.3891
2015-11-24,6.3897
2015-11-23,6.3893
2015-11-22,6.3848
2015-11-21,6.3847
2015-11-20,6.3847
2015-11-19,6.3828
2015-11-18,6.3851
2015-11-17,6.3785
2015-11-16,6.3713
2015-11-15,6.3736
2015-11-14,6.3739
2015-11-13,6.3739
2015-11-12,6.3694
2015-11-11,6.3675
2015-11-10,6.3619
2015-11-09,6.3621
2015-11-08,6.3532
2015-11-07,6.3529
2015-11-06,6.3529
2015-11-05,6.3462
2015-11-04,6.3358
2015-11-03,6.3362
2015-11-02,6.3372
2015-11-01,6.3181
2015-10-31,6.3182
2015-10-30,6.3182
2015-10-29,6.3569
2015-10-28,6.359
2015-10-27,6.3532
2015-10-26,6.3533
2015-10-25,6.3492
2015-10-24,6.349
2015-10-23,6.349
2015-10-22,6.3582
2015-10-21,6.3491
2015-10-20,6.3483
2015-10-19,6.36
2015-10-18,6.3524
2015-10-17,6.3525
2015-10-16,6.3525
2015-10-15,6.3462
2015-10-14,6.3476
2015-10-13,6.3424
2015-10-12,6.3228
2015-10-11,6.3451
2015-10-10,6.3451
2015-10-09,6.3451
2015-10-08,6.3533
2015-10-07,6.356
2015-10-06,6.3559
2015-10-05,6.356
2015-10-04,6.3562
2015-10-03,6.3561
2015-10-02,6.3561
2015-10-01,6.3559
2015-09-30,6.3573
2015-09-29,6.3637
2015-09-28,6.3686
2015-09-27,6.3742
2015-09-26,6.3739
2015-09-25,6.3739
2015-09-24,6.3834
2015-09-23,6.3838
2015-09-22,6.3761
2015-09-21,6.3689
2015-09-20,6.3643
2015-09-19,6.3643
2015-09-18,6.3643
2015-09-17,6.3659
2015-09-16,6.3707
2015-09-15,6.37
2015-09-14,6.3679999999999986
2015-09-13,6.3749
2015-09-12,6.3751
2015-09-11,6.3751
2015-09-10,6.3773
2015-09-09,6.3775
2015-09-08,6.3672
2015-09-07,6.3659
2015-09-06,6.356
2015-09-05,6.3561
2015-09-04,6.3561
2015-09-03,6.3558
2015-09-02,6.3558
2015-09-01,6.3644
2015-08-31,6.3763
2015-08-30,6.3886
2015-08-29,6.3883
2015-08-28,6.3883
2015-08-27,6.4054
2015-08-26,6.4112
2015-08-25,6.4129999999999985
2015-08-24,6.4043
2015-08-23,6.3888
2015-08-22,6.3888
2015-08-21,6.3888
2015-08-20,6.3892
2015-08-19,6.3959
2015-08-18,6.394
2015-08-17,6.3946
2015-08-16,6.3917
2015-08-15,6.3917
2015-08-14,6.3917
2015-08-13,6.3988
2015-08-12,6.3871
2015-08-11,6.3248
2015-08-10,6.2097
2015-08-09,6.2095
2015-08-08,6.2095
2015-08-07,6.2095
2015-08-06,6.2099
2015-08-05,6.2097
2015-08-04,6.2097
2015-08-03,6.2095
2015-08-02,6.2096
2015-08-01,6.2098
2015-07-31,6.2098
2015-07-30,6.2098
2015-07-29,6.2092
2015-07-28,6.2095
2015-07-27,6.2094
2015-07-26,6.2094
2015-07-25,6.2096
2015-07-24,6.2096
2015-07-23,6.2096
2015-07-22,6.2093
2015-07-21,6.2094
2015-07-20,6.2099
2015-07-19,6.2093
2015-07-18,6.2094
2015-07-17,6.2094
2015-07-16,6.2096
2015-07-15,6.2094
2015-07-14,6.2087
2015-07-13,6.2083
2015-07-12,6.2093
2015-07-11,6.2091
2015-07-10,6.2091
2015-07-09,6.2088
2015-07-08,6.2088
2015-07-07,6.21
2015-07-06,6.2092
2015-07-05,6.2056
2015-07-04,6.2057
2015-07-03,6.2057
2015-07-02,6.2045
2015-07-01,6.2014
2015-06-30,6.2010000000000005
2015-06-29,6.2088
2015-06-28,6.2088
2015-06-27,6.2089
2015-06-26,6.2089
2015-06-25,6.2093
2015-06-24,6.2072
2015-06-23,6.2066
2015-06-22,6.2094
2015-06-21,6.2094
2015-06-20,6.2096
2015-06-19,6.2096
2015-06-18,6.2079999999999975
2015-06-17,6.2095
2015-06-16,6.2084
2015-06-15,6.2091
2015-06-14,6.2084
2015-06-13,6.2082
2015-06-12,6.2082
2015-06-11,6.2067
2015-06-10,6.2058
2015-06-09,6.2058
2015-06-08,6.2054
2015-06-07,6.2032
2015-06-06,6.2035
2015-06-05,6.2035
2015-06-04,6.2012
2015-06-03,6.1979
2015-06-02,6.1982
2015-06-01,6.1996
2015-05-31,6.1981
2015-05-30,6.1984
2015-05-29,6.1984
2015-05-28,6.2010000000000005
2015-05-27,6.2011
2015-05-26,6.2039
2015-05-25,6.2021
2015-05-24,6.1972
2015-05-23,6.1974
2015-05-22,6.1974
2015-05-21,6.1968
2015-05-20,6.2039
2015-05-19,6.2067
2015-05-18,6.2044
2015-05-17,6.2061
2015-05-16,6.2061
2015-05-15,6.2061
2015-05-14,6.2015
2015-05-13,6.2047
2015-05-12,6.2087
2015-05-11,6.2097
2015-05-10,6.2093
2015-05-09,6.2094
2015-05-08,6.2094
2015-05-07,6.2066
2015-05-06,6.2004
2015-05-05,6.2062
2015-05-04,6.209
2015-05-03,6.2028
2015-05-02,6.2027
2015-05-01,6.2027
2015-04-30,6.2029
2015-04-29,6.1994
2015-04-28,6.2039
2015-04-27,6.2189999999999985
2015-04-26,6.1934
2015-04-25,6.1934
2015-04-24,6.1934
2015-04-23,6.197
2015-04-22,6.194
2015-04-21,6.2009
2015-04-20,6.2011
2015-04-19,6.1978
2015-04-18,6.1977
2015-04-17,6.1977
2015-04-16,6.1961
2015-04-15,6.2054
2015-04-14,6.2115
2015-04-13,6.2167
2015-04-12,6.2084
2015-04-11,6.2086
2015-04-10,6.2086
2015-04-09,6.2055
2015-04-08,6.2025
2015-04-07,6.1961
2015-04-06,6.1936
2015-04-05,6.1934
2015-04-04,6.1934
2015-04-03,6.1934
2015-04-02,6.1969
2015-04-01,6.1984
2015-03-31,6.1995
2015-03-30,6.2070000000000025
2015-03-29,6.2148
2015-03-28,6.2148
2015-03-27,6.2148
2015-03-26,6.2108
2015-03-25,6.2120000000000015
2015-03-24,6.2051
2015-03-23,6.2139
2015-03-22,6.2051
2015-03-21,6.2053
2015-03-20,6.2053
2015-03-19,6.1960000000000015
2015-03-18,6.2295
2015-03-17,6.2496
2015-03-16,6.2623
2015-03-15,6.2597
2015-03-14,6.2597
2015-03-13,6.2597
2015-03-12,6.2624
2015-03-11,6.2622
2015-03-10,6.2621
2015-03-09,6.2639999999999985
2015-03-08,6.2625
2015-03-07,6.2626
2015-03-06,6.2626
2015-03-05,6.266
2015-03-04,6.2707
2015-03-03,6.2742
2015-03-02,6.2724
2015-03-01,6.2695
2015-02-28,6.2696
2015-02-27,6.2696
2015-02-26,6.2589
2015-02-25,6.2594
2015-02-24,6.2552
2015-02-23,6.255
2015-02-22,6.255
2015-02-21,6.255
2015-02-20,6.255
2015-02-19,6.2549
2015-02-18,6.2553
2015-02-17,6.255
2015-02-16,6.2484
2015-02-15,6.2404
2015-02-14,6.2403
2015-02-13,6.2403
2015-02-12,6.2445
2015-02-11,6.2429
2015-02-10,6.2410000000000005
2015-02-09,6.2471
2015-02-08,6.2441
2015-02-07,6.2441
2015-02-06,6.2441
2015-02-05,6.252000000000002
2015-02-04,6.2477
2015-02-03,6.2579
2015-02-02,6.2595
2015-02-01,6.25
2015-01-31,6.2498
2015-01-30,6.2498
2015-01-29,6.2467
2015-01-28,6.2478
2015-01-27,6.2434
2015-01-26,6.2541
2015-01-25,6.2283
2015-01-24,6.2286
2015-01-23,6.2286
2015-01-22,6.2088
2015-01-21,6.2115
2015-01-20,6.2139
2015-01-19,6.2194
2015-01-18,6.2071
2015-01-17,6.2069
2015-01-16,6.2069
2015-01-15,6.1874
2015-01-14,6.1958
2015-01-13,6.1977
2015-01-12,6.2032
2015-01-11,6.2088
2015-01-10,6.2086
2015-01-09,6.2086
2015-01-08,6.2144
2015-01-07,6.212999999999999
2015-01-06,6.2131
2015-01-05,6.2208
2015-01-04,6.206
2015-01-03,6.2061
2015-01-02,6.2061
2015-01-01,6.2059
2014-12-31,6.2062
2014-12-30,6.2019
2014-12-29,6.2226
2014-12-28,6.2128
2014-12-27,6.2129
2014-12-26,6.2129
2014-12-25,6.2155
2014-12-24,6.2154
2014-12-23,6.2256
2014-12-22,6.2217
2014-12-21,6.2197
2014-12-20,6.22
2014-12-19,6.22
2014-12-18,6.2146
2014-12-17,6.197
2014-12-16,6.1895
2014-12-15,6.1906
2014-12-14,6.1867
2014-12-13,6.1868
2014-12-12,6.1868
2014-12-11,6.1888
2014-12-10,6.1766
2014-12-09,6.1879
2014-12-08,6.1728
2014-12-07,6.1503
2014-12-06,6.15
2014-12-05,6.15
2014-12-04,6.1544
2014-12-03,6.1501
2014-12-02,6.1496
2014-12-01,6.152
2014-11-30,6.1432
2014-11-29,6.1431
2014-11-28,6.1431
2014-11-27,6.1391
2014-11-26,6.1389999999999985
2014-11-25,6.1365
2014-11-24,6.1415
2014-11-23,6.1249
2014-11-22,6.1249
2014-11-21,6.1249
2014-11-20,6.1233
2014-11-19,6.1194
2014-11-18,6.1212
2014-11-17,6.1244
2014-11-16,6.1293
2014-11-15,6.1295
2014-11-14,6.1295
2014-11-13,6.1248
2014-11-12,6.1263
2014-11-11,6.1243
2014-11-10,6.1194
2014-11-09,6.1227
2014-11-08,6.1226
2014-11-07,6.1226
2014-11-06,6.1118
2014-11-05,6.1138
2014-11-04,6.1153
2014-11-03,6.1184
2014-11-02,6.1128
2014-11-01,6.1127
2014-10-31,6.1127
2014-10-30,6.1143
2014-10-29,6.1112
2014-10-28,6.1131
2014-10-27,6.1165
2014-10-26,6.117000000000001
2014-10-25,6.1168
2014-10-24,6.1168
2014-10-23,6.1195
2014-10-22,6.1182
2014-10-21,6.121
2014-10-20,6.1236
2014-10-19,6.1238
2014-10-18,6.124
2014-10-17,6.124
2014-10-16,6.1232
2014-10-15,6.126
2014-10-14,6.1254
2014-10-13,6.1256
2014-10-12,6.1309
2014-10-11,6.1309
2014-10-10,6.1309
2014-10-09,6.1301
2014-10-08,6.1389999999999985
2014-10-07,6.1389999999999985
2014-10-06,6.1391
2014-10-05,6.1389999999999985
2014-10-04,6.1389
2014-10-03,6.1389
2014-10-02,6.1386
2014-10-01,6.1387
2014-09-30,6.1386
2014-09-29,6.1499
2014-09-28,6.1272
2014-09-27,6.127000000000002
2014-09-26,6.127000000000002
2014-09-25,6.136
2014-09-24,6.1366
2014-09-23,6.1376
2014-09-22,6.1404
2014-09-21,6.141
2014-09-20,6.141
2014-09-19,6.141
2014-09-18,6.1404
2014-09-17,6.1391
2014-09-16,6.1461
2014-09-15,6.1419
2014-09-14,6.1403
2014-09-13,6.1403
2014-09-12,6.1403
2014-09-11,6.1406
2014-09-10,6.1406
2014-09-09,6.1406
2014-09-08,6.1404
2014-09-07,6.1403
2014-09-06,6.1403
2014-09-05,6.1403
2014-09-04,6.1386
2014-09-03,6.141
2014-09-02,6.1481
2014-09-01,6.1418
2014-08-31,6.1433
2014-08-30,6.1433
2014-08-29,6.1433
2014-08-28,6.1428
2014-08-27,6.1432
2014-08-26,6.1527
2014-08-25,6.1546
2014-08-24,6.1515
2014-08-23,6.1515
2014-08-22,6.1515
2014-08-21,6.1513
2014-08-20,6.1399
2014-08-19,6.1414
2014-08-18,6.1431
2014-08-17,6.1474
2014-08-16,6.1473
2014-08-15,6.1473
2014-08-14,6.1527
2014-08-13,6.1536
2014-08-12,6.1578
2014-08-11,6.1533
2014-08-10,6.1563
2014-08-09,6.1560000000000015
2014-08-08,6.1560000000000015
2014-08-07,6.162000000000001
2014-08-06,6.1631
2014-08-05,6.1708
2014-08-04,6.1786
2014-08-03,6.1799
2014-08-02,6.1797
2014-08-01,6.1797
2014-07-31,6.1739
2014-07-30,6.1715
2014-07-29,6.1805
2014-07-28,6.1875
2014-07-27,6.1916
2014-07-26,6.1916
2014-07-25,6.1916
2014-07-24,6.1946
2014-07-23,6.1986
2014-07-22,6.2029
2014-07-21,6.2094
2014-07-20,6.2079
2014-07-19,6.2079
2014-07-18,6.2079
2014-07-17,6.2038
2014-07-16,6.2038
2014-07-15,6.2082
2014-07-14,6.2061
2014-07-13,6.2036
2014-07-12,6.2036
2014-07-11,6.2036
2014-07-10,6.2028
2014-07-09,6.1997
2014-07-08,6.2016
2014-07-07,6.2036
2014-07-06,6.204
2014-07-05,6.2041
2014-07-04,6.2041
2014-07-03,6.2121
2014-07-02,6.2106
2014-07-01,6.2
2014-06-30,6.2039
2014-06-29,6.2184
2014-06-28,6.2186
2014-06-27,6.2186
2014-06-26,6.224
2014-06-25,6.2345
2014-06-24,6.231
2014-06-23,6.2253
2014-06-22,6.2246
2014-06-21,6.2245
2014-06-20,6.2245
2014-06-19,6.229
2014-06-18,6.2313
2014-06-17,6.2266
2014-06-16,6.2269
2014-06-15,6.2094
2014-06-14,6.2095
2014-06-13,6.2095
2014-06-12,6.2185
2014-06-11,6.2279
2014-06-10,6.2243
2014-06-09,6.2403
2014-06-08,6.2504
2014-06-07,6.2505
2014-06-06,6.2505
2014-06-05,6.2567
2014-06-04,6.2502
2014-06-03,6.2544
2014-06-02,6.2479
2014-06-01,6.2478
2014-05-31,6.2479
2014-05-30,6.2479
2014-05-29,6.238
2014-05-28,6.2538
2014-05-27,6.2489
2014-05-26,6.2394
2014-05-25,6.2365
2014-05-24,6.2364
2014-05-23,6.2364
2014-05-22,6.2352
2014-05-21,6.2336
2014-05-20,6.2379
2014-05-19,6.2376
2014-05-18,6.2336
2014-05-17,6.2336
2014-05-16,6.2336
2014-05-15,6.2306
2014-05-14,6.2289
2014-05-13,6.2292
2014-05-12,6.2374
2014-05-11,6.2277
2014-05-10,6.2276
2014-05-09,6.2276
2014-05-08,6.228
2014-05-07,6.2343
2014-05-06,6.2258
2014-05-05,6.2454
2014-05-04,6.2595
2014-05-03,6.2592
2014-05-02,6.2592
2014-05-01,6.2594
2014-04-30,6.2592
2014-04-29,6.2579
2014-04-28,6.2529
2014-04-27,6.2538
2014-04-26,6.2534
2014-04-25,6.2534
2014-04-24,6.249
2014-04-23,6.2375
2014-04-22,6.2374
2014-04-21,6.2274
2014-04-20,6.2244
2014-04-19,6.2241
2014-04-18,6.2241
2014-04-17,6.2189999999999985
2014-04-16,6.2212
2014-04-15,6.2222
2014-04-14,6.2192
2014-04-13,6.2114
2014-04-12,6.2112
2014-04-11,6.2112
2014-04-10,6.2125
2014-04-09,6.2005
2014-04-08,6.1967
2014-04-07,6.2123
2014-04-06,6.2123
2014-04-05,6.2125
2014-04-04,6.2125
2014-04-03,6.2107
2014-04-02,6.2057
2014-04-01,6.2067
2014-03-31,6.2173
2014-03-30,6.2122
2014-03-29,6.2123
2014-03-28,6.2123
2014-03-27,6.2127
2014-03-26,6.2093
2014-03-25,6.2016
2014-03-24,6.1957
2014-03-23,6.2252
2014-03-22,6.225
2014-03-21,6.225
2014-03-20,6.2275
2014-03-19,6.1952
2014-03-18,6.1921
2014-03-17,6.1781
2014-03-16,6.1502
2014-03-15,6.1502
2014-03-14,6.1502
2014-03-13,6.136
2014-03-12,6.145
2014-03-11,6.14
2014-03-10,6.1387
2014-03-09,6.1259
2014-03-08,6.1259
2014-03-07,6.1259
2014-03-06,6.1186
2014-03-05,6.1281
2014-03-04,6.1437
2014-03-03,6.1463
2014-03-02,6.1449
2014-03-01,6.1449
2014-02-28,6.1449
2014-02-27,6.1285
2014-02-26,6.1248
2014-02-25,6.1247
2014-02-24,6.0982
2014-02-23,6.0913
2014-02-22,6.0915
2014-02-21,6.0915
2014-02-20,6.0836
2014-02-19,6.0763
2014-02-18,6.0673
2014-02-17,6.0642
2014-02-16,6.0668
2014-02-15,6.0667
2014-02-14,6.0667
2014-02-13,6.0637
2014-02-12,6.0626
2014-02-11,6.0607
2014-02-10,6.0594
2014-02-09,6.0635
2014-02-08,6.0634
2014-02-07,6.0634
2014-02-06,6.061
2014-02-05,6.061
2014-02-04,6.0607
2014-02-03,6.0609
2014-02-02,6.061
2014-02-01,6.061
2014-01-31,6.061
2014-01-30,6.061
2014-01-29,6.0556
2014-01-28,6.051
2014-01-27,6.047999999999999
2014-01-26,6.0487
2014-01-25,6.0488
2014-01-24,6.0488
2014-01-23,6.0517
2014-01-22,6.0513
2014-01-21,6.0504
2014-01-20,6.0527
2014-01-19,6.0503
2014-01-18,6.0502
2014-01-17,6.0502
2014-01-16,6.0557
2014-01-15,6.0461
2014-01-14,6.0413
2014-01-13,6.0434
2014-01-12,6.0523
2014-01-11,6.0520000000000005
2014-01-10,6.0520000000000005
2014-01-09,6.0549
2014-01-08,6.0513
2014-01-07,6.0512
2014-01-06,6.0527
2014-01-05,6.0516
2014-01-04,6.0513
2014-01-03,6.0513
2014-01-02,6.0507
2014-01-01,6.0541
2013-12-31,6.0539
2013-12-30,6.0618
2013-12-29,6.0686
2013-12-28,6.0687
2013-12-27,6.0687
2013-12-26,6.0715
2013-12-25,6.0713
2013-12-24,6.0715
2013-12-23,6.07
2013-12-22,6.0713
2013-12-21,6.0715
2013-12-20,6.0715
2013-12-19,6.0711
2013-12-18,6.0718
2013-12-17,6.0709
2013-12-16,6.0714
2013-12-15,6.0712
2013-12-14,6.0713
2013-12-13,6.0713
2013-12-12,6.0714
2013-12-11,6.0715
2013-12-10,6.0709
2013-12-09,6.0722
2013-12-08,6.0817
2013-12-07,6.0819
2013-12-06,6.0819
2013-12-05,6.0914
2013-12-04,6.0917
2013-12-03,6.0924
2013-12-02,6.0928
2013-12-01,6.0934
2013-11-30,6.0933
2013-11-29,6.0933
2013-11-28,6.0924
2013-11-27,6.0923
2013-11-26,6.0927
2013-11-25,6.0925
2013-11-24,6.0937
2013-11-23,6.0936
2013-11-22,6.0936
2013-11-21,6.0928
2013-11-20,6.0926
2013-11-19,6.093
2013-11-18,6.0920000000000005
2013-11-17,6.0921
2013-11-16,6.0920000000000005
2013-11-15,6.0920000000000005
2013-11-14,6.0923
2013-11-13,6.0927
2013-11-12,6.0918
2013-11-11,6.0913
2013-11-10,6.0905
2013-11-09,6.0907
2013-11-08,6.0907
2013-11-07,6.0908
2013-11-06,6.0926
2013-11-05,6.0969
2013-11-04,6.0991
2013-11-03,6.0994
2013-11-02,6.0995
2013-11-01,6.0995
2013-10-31,6.0946
2013-10-30,6.0937
2013-10-29,6.0904
2013-10-28,6.0854
2013-10-27,6.0841
2013-10-26,6.0838
2013-10-25,6.0838
2013-10-24,6.0820000000000025
2013-10-23,6.0834
2013-10-22,6.0925
2013-10-21,6.0927
2013-10-20,6.0968
2013-10-19,6.0966
2013-10-18,6.0966
2013-10-17,6.0981
2013-10-16,6.0998
2013-10-15,6.1027
2013-10-14,6.1077
2013-10-13,6.1207
2013-10-12,6.1206
2013-10-11,6.1206
2013-10-10,6.1159
2013-10-09,6.1209
2013-10-08,6.1209
2013-10-07,6.1213
2013-10-06,6.1213
2013-10-05,6.1215
2013-10-04,6.1215
2013-10-03,6.1213
2013-10-02,6.1215
2013-10-01,6.1215
2013-09-30,6.1213
2013-09-29,6.1198
2013-09-28,6.1197
2013-09-27,6.1197
2013-09-26,6.1213
2013-09-25,6.1199
2013-09-24,6.1207
2013-09-23,6.1209
2013-09-22,6.121
2013-09-21,6.121
2013-09-20,6.121
2013-09-19,6.121
2013-09-18,6.1211
2013-09-17,6.1213
2013-09-16,6.1203
2013-09-15,6.1186
2013-09-14,6.1186
2013-09-13,6.1186
2013-09-12,6.1179999999999986
2013-09-11,6.1186
2013-09-10,6.1198
2013-09-09,6.1209
2013-09-08,6.1205
2013-09-07,6.1206
2013-09-06,6.1206
2013-09-05,6.12
2013-09-04,6.1199
2013-09-03,6.1205
2013-09-02,6.1197
2013-09-01,6.1194
2013-08-31,6.1196
2013-08-30,6.1196
2013-08-29,6.1205
2013-08-28,6.1201
2013-08-27,6.1216
2013-08-26,6.1213
2013-08-25,6.1211
2013-08-24,6.1208
2013-08-23,6.1208
2013-08-22,6.1211
2013-08-21,6.1235
2013-08-20,6.1247
2013-08-19,6.1227
2013-08-18,6.115
2013-08-17,6.1149
2013-08-16,6.1149
2013-08-15,6.1124
2013-08-14,6.1197
2013-08-13,6.1219
2013-08-12,6.1223
2013-08-11,6.1219
2013-08-10,6.1218
2013-08-09,6.1218
2013-08-08,6.1212
2013-08-07,6.119
2013-08-06,6.1217
2013-08-05,6.1248
2013-08-04,6.1293
2013-08-03,6.1293
2013-08-02,6.1293
2013-08-01,6.1305
2013-07-31,6.1287
2013-07-30,6.1316
2013-07-29,6.1323
2013-07-28,6.1317
2013-07-27,6.1315
2013-07-26,6.1315
2013-07-25,6.1346
2013-07-24,6.1359
2013-07-23,6.1375
2013-07-22,6.141
2013-07-21,6.1381
2013-07-20,6.138
2013-07-19,6.138
2013-07-18,6.1414
2013-07-17,6.1353
2013-07-16,6.1351
2013-07-15,6.1374
2013-07-14,6.1377
2013-07-13,6.1375
2013-07-12,6.1375
2013-07-11,6.135
2013-07-10,6.134
2013-07-09,6.1296
2013-07-08,6.1338
2013-07-07,6.1323
2013-07-06,6.1326
2013-07-05,6.1326
2013-07-04,6.1257
2013-07-03,6.131
2013-07-02,6.132999999999999
2013-07-01,6.1325
2013-06-30,6.1375
2013-06-29,6.1374
2013-06-28,6.1374
2013-06-27,6.1491
2013-06-26,6.1471
2013-06-25,6.1451
2013-06-24,6.1449
2013-06-23,6.1334
2013-06-22,6.1332
2013-06-21,6.1332
2013-06-20,6.1281
2013-06-19,6.127000000000002
2013-06-18,6.1284
2013-06-17,6.125
2013-06-16,6.1307
2013-06-15,6.1308
2013-06-14,6.1308
2013-06-13,6.1345
2013-06-12,6.1335
2013-06-11,6.1333
2013-06-10,6.1334
2013-06-09,6.1335
2013-06-08,6.1334
2013-06-07,6.1334
2013-06-06,6.1362
2013-06-05,6.1277
2013-06-04,6.1287
2013-06-03,6.1318
2013-06-02,6.1348
2013-06-01,6.1348
2013-05-31,6.1348
2013-05-30,6.1308
2013-05-29,6.1268
2013-05-28,6.1213
2013-05-27,6.121
2013-05-26,6.1316
2013-05-25,6.1315
2013-05-24,6.1315
2013-05-23,6.1342
2013-05-22,6.1312
2013-05-21,6.1358
2013-05-20,6.1389
2013-05-19,6.141
2013-05-18,6.1411
2013-05-17,6.1411
2013-05-16,6.1491
2013-05-15,6.1459
2013-05-14,6.1426
2013-05-13,6.1467
2013-05-12,6.1414
2013-05-11,6.1415
2013-05-10,6.1415
2013-05-09,6.1311
2013-05-08,6.1409
2013-05-07,6.1543
2013-05-06,6.1668
2013-05-05,6.1557
2013-05-04,6.1558
2013-05-03,6.1558
2013-05-02,6.1559
2013-05-01,6.1649
2013-04-30,6.1651
2013-04-29,6.165
2013-04-28,6.1649
2013-04-27,6.1651
2013-04-26,6.1651
2013-04-25,6.1712
2013-04-24,6.1786
2013-04-23,6.1789999999999985
2013-04-22,6.1824
2013-04-21,6.1774
2013-04-20,6.1774
2013-04-19,6.1774
2013-04-18,6.1813
2013-04-17,6.1721
2013-04-16,6.1828
2013-04-15,6.1868
2013-04-14,6.1919
2013-04-13,6.1917
2013-04-12,6.1917
2013-04-11,6.1963
2013-04-10,6.194
2013-04-09,6.2024
2013-04-08,6.2032
2013-04-07,6.2013
2013-04-06,6.2016
2013-04-05,6.2016
2013-04-04,6.2014
2013-04-03,6.2009
2013-04-02,6.1988
2013-04-01,6.2081
2013-03-31,6.2107
2013-03-30,6.2109
2013-03-29,6.2109
2013-03-28,6.2145
2013-03-27,6.214
2013-03-26,6.2108
2013-03-25,6.2108
2013-03-24,6.2121
2013-03-23,6.2123
2013-03-22,6.2123
2013-03-21,6.2144
2013-03-20,6.2118
2013-03-19,6.2156
2013-03-18,6.2159
2013-03-17,6.2136
2013-03-16,6.2134
2013-03-15,6.2134
2013-03-14,6.2155
2013-03-13,6.214
2013-03-12,6.2163
2013-03-11,6.218
2013-03-10,6.2144
2013-03-09,6.2145
2013-03-08,6.2145
2013-03-07,6.2202
2013-03-06,6.2179
2013-03-05,6.2211
2013-03-04,6.225
2013-03-03,6.2227
2013-03-02,6.2224
2013-03-01,6.2224
2013-02-28,6.2215
2013-02-27,6.2274
2013-02-26,6.2294
2013-02-25,6.2337
2013-02-24,6.2352
2013-02-23,6.2349
2013-02-22,6.2349
2013-02-21,6.2407
2013-02-20,6.2377
2013-02-19,6.2442
2013-02-18,6.2425
2013-02-17,6.2324
2013-02-16,6.2324
2013-02-15,6.2324
2013-02-14,6.2325
2013-02-13,6.2325
2013-02-12,6.2323
2013-02-11,6.2326
2013-02-10,6.2323
2013-02-09,6.2323
2013-02-08,6.2323
2013-02-07,6.2324
2013-02-06,6.2317
2013-02-05,6.2293
2013-02-04,6.2328
2013-02-03,6.2204
2013-02-02,6.2206
2013-02-01,6.2206
2013-01-31,6.2206
2013-01-30,6.2206
2013-01-29,6.2244
2013-01-28,6.2227
2013-01-27,6.2205
2013-01-26,6.2205
2013-01-25,6.2205
2013-01-24,6.218
2013-01-23,6.2179
2013-01-22,6.2197
2013-01-21,6.2215
2013-01-20,6.2152
2013-01-19,6.2154
2013-01-18,6.2154
2013-01-17,6.216
2013-01-16,6.2167
2013-01-15,6.2137
2013-01-14,6.2193
2013-01-13,6.2159
2013-01-12,6.2268
2013-01-11,6.216
2013-01-10,6.2236
2013-01-09,6.226
2013-01-08,6.2239
2013-01-07,6.2295
2013-01-06,6.2307
2013-01-05,6.2304
2013-01-04,6.2304
2013-01-03,6.2304
2013-01-02,6.2303
2013-01-01,6.2302
2012-12-31,6.2302
2012-12-30,6.2316
2012-12-29,6.2315
2012-12-28,6.2315
2012-12-27,6.2359
2012-12-26,6.2351
2012-12-25,6.2339
2012-12-24,6.2336
2012-12-23,6.2414
2012-12-22,6.2417
2012-12-21,6.2417
2012-12-20,6.2414
2012-12-19,6.2416
2012-12-18,6.2416
2012-12-17,6.2414
2012-12-16,6.2416
2012-12-15,6.2417
2012-12-14,6.2417
2012-12-13,6.2321
2012-12-12,6.2532
2012-12-11,6.2459
2012-12-10,6.2295
2012-12-09,6.2301
2012-12-08,6.2304
2012-12-07,6.2304
2012-12-06,6.2282
2012-12-05,6.2255
2012-12-04,6.2256
2012-12-03,6.2315
2012-12-02,6.2266
2012-12-01,6.2256
2012-11-30,6.2256
2012-11-29,6.2256
2012-11-28,6.2255
2012-11-27,6.2255
2012-11-26,6.2257
2012-11-25,6.2291
2012-11-24,6.2289
2012-11-23,6.2289
2012-11-22,6.2289
2012-11-21,6.2305
2012-11-20,6.2327
2012-11-19,6.2343
2012-11-18,6.2355
2012-11-17,6.2356
2012-11-16,6.2356
2012-11-15,6.2332
2012-11-14,6.2252
2012-11-13,6.2261
2012-11-12,6.229
2012-11-11,6.2452
2012-11-10,6.2453
2012-11-09,6.2453
2012-11-08,6.2431
2012-11-07,6.2439
2012-11-06,6.2455
2012-11-05,6.2454
2012-11-04,6.2414
2012-11-03,6.2414
2012-11-02,6.2414
2012-11-01,6.2396
2012-10-31,6.2372
2012-10-30,6.2403
2012-10-29,6.2439
2012-10-28,6.2487
2012-10-27,6.2488
2012-10-26,6.2488
2012-10-25,6.2419
2012-10-24,6.2479999999999976
2012-10-23,6.2477
2012-10-22,6.2547
2012-10-21,6.2538
2012-10-20,6.2537
2012-10-19,6.2537
2012-10-18,6.2503
2012-10-17,6.2545
2012-10-16,6.2706
2012-10-15,6.2705
2012-10-14,6.2659
2012-10-13,6.266
2012-10-12,6.266
2012-10-11,6.277
2012-10-10,6.2834
2012-10-09,6.2875
2012-10-08,6.287000000000001
2012-10-07,6.2847
2012-10-06,6.2844
2012-10-05,6.2844
2012-10-04,6.2844
2012-10-03,6.2843
2012-10-02,6.2844
2012-10-01,6.2846
2012-09-30,6.2844
2012-09-29,6.2843
2012-09-28,6.2843
2012-09-27,6.3025
2012-09-26,6.3019
2012-09-25,6.3067
2012-09-24,6.3094
2012-09-23,6.3055
2012-09-22,6.3055
2012-09-21,6.3055
2012-09-20,6.303
2012-09-19,6.3094
2012-09-18,6.3185
2012-09-17,6.3173
2012-09-16,6.3151
2012-09-15,6.3149
2012-09-14,6.3149
2012-09-13,6.3295
2012-09-12,6.3267
2012-09-11,6.335
2012-09-10,6.3378
2012-09-09,6.343
2012-09-08,6.3431
2012-09-07,6.3431
2012-09-06,6.3429
2012-09-05,6.3493
2012-09-04,6.347
2012-09-03,6.3404
2012-09-02,6.3485
2012-09-01,6.3488
2012-08-31,6.3488
2012-08-30,6.3498
2012-08-29,6.3516
2012-08-28,6.3527
2012-08-27,6.3569
2012-08-26,6.3544
2012-08-25,6.3544
2012-08-24,6.3544
2012-08-23,6.3538
2012-08-22,6.3518
2012-08-21,6.356
2012-08-20,6.3594
2012-08-19,6.3585
2012-08-18,6.3584
2012-08-17,6.3584
2012-08-16,6.3658
2012-08-15,6.3621
2012-08-14,6.3588
2012-08-13,6.3615
2012-08-12,6.3603
2012-08-11,6.3605
2012-08-10,6.3605
2012-08-09,6.3594
2012-08-08,6.3616
2012-08-07,6.3665
2012-08-06,6.3741
2012-08-05,6.3723
2012-08-04,6.3725
2012-08-03,6.3725
2012-08-02,6.367000000000001
2012-08-01,6.3686
2012-07-31,6.3618
2012-07-30,6.3796
2012-07-29,6.381
2012-07-28,6.3808
2012-07-27,6.3808
2012-07-26,6.3841
2012-07-25,6.3885
2012-07-24,6.3861
2012-07-23,6.3866
2012-07-22,6.3736
2012-07-21,6.3736
2012-07-20,6.3736
2012-07-19,6.3728
2012-07-18,6.3692
2012-07-17,6.3728
2012-07-16,6.3788
2012-07-15,6.3792
2012-07-14,6.379
2012-07-13,6.379
2012-07-12,6.3731
2012-07-11,6.3683
2012-07-10,6.3656
2012-07-09,6.3718
2012-07-08,6.3646
2012-07-07,6.3645
2012-07-06,6.3645
2012-07-05,6.3561
2012-07-04,6.3478
2012-07-03,6.3526
2012-07-02,6.3485
2012-07-01,6.3537
2012-06-30,6.3534
2012-06-29,6.3534
2012-06-28,6.3575
2012-06-27,6.3605
2012-06-26,6.3629
2012-06-25,6.3634
2012-06-24,6.3647
2012-06-23,6.3648
2012-06-22,6.3648
2012-06-21,6.3647
2012-06-20,6.3596
2012-06-19,6.3547
2012-06-18,6.3574
2012-06-17,6.3654
2012-06-16,6.3654
2012-06-15,6.3654
2012-06-14,6.3702
2012-06-13,6.369
2012-06-12,6.3704
2012-06-11,6.369
2012-06-10,6.37
2012-06-09,6.3704
2012-06-08,6.3704
2012-06-07,6.3638
2012-06-06,6.364
2012-06-05,6.3675
2012-06-04,6.3644
2012-06-03,6.3698
2012-06-02,6.3698
2012-06-01,6.3698
2012-05-31,6.3686
2012-05-30,6.3578
2012-05-29,6.3481
2012-05-28,6.3449
2012-05-27,6.3441
2012-05-26,6.3442
2012-05-25,6.3442
2012-05-24,6.3453
2012-05-23,6.3346
2012-05-22,6.3229
2012-05-21,6.3278
2012-05-20,6.3282
2012-05-19,6.3282
2012-05-18,6.3282
2012-05-17,6.325
2012-05-16,6.322
2012-05-15,6.3178
2012-05-14,6.3219
2012-05-13,6.3101
2012-05-12,6.3102
2012-05-11,6.3102
2012-05-10,6.3143
2012-05-09,6.3098
2012-05-08,6.308
2012-05-07,6.3077
2012-05-06,6.3062
2012-05-05,6.3062
2012-05-04,6.3062
2012-05-03,6.3057
2012-05-02,6.3073
2012-05-01,6.3099
2012-04-30,6.3099
2012-04-29,6.3099
2012-04-28,6.31
2012-04-27,6.31
2012-04-26,6.3057
2012-04-25,6.3049
2012-04-24,6.3074
2012-04-23,6.3087
2012-04-22,6.3086
2012-04-21,6.3089
2012-04-20,6.3089
2012-04-19,6.3039
2012-04-18,6.3031
2012-04-17,6.3023
2012-04-16,6.3158
2012-04-15,6.3026
2012-04-14,6.3024
2012-04-13,6.3024
2012-04-12,6.3072
2012-04-11,6.3088
2012-04-10,6.3108
2012-04-09,6.3089
2012-04-08,6.3057
2012-04-07,6.306
2012-04-06,6.306
2012-04-05,6.3136
2012-04-04,6.2985
2012-04-03,6.2984
2012-04-02,6.2985
2012-04-01,6.2981
2012-03-31,6.2981
2012-03-30,6.2981
2012-03-29,6.3061
2012-03-28,6.3056
2012-03-27,6.3073
2012-03-26,6.3149
2012-03-25,6.3062
2012-03-24,6.3063
2012-03-23,6.3063
2012-03-22,6.2997
2012-03-21,6.3224
2012-03-20,6.3243
2012-03-19,6.3226
2012-03-18,6.3225
2012-03-17,6.3228
2012-03-16,6.3228
2012-03-15,6.3288
2012-03-14,6.3323
2012-03-13,6.3272
2012-03-12,6.3262
2012-03-11,6.3106
2012-03-10,6.3112
2012-03-09,6.3112
2012-03-08,6.3157
2012-03-07,6.31
2012-03-06,6.308
2012-03-05,6.307
2012-03-04,6.2988
2012-03-03,6.299
2012-03-02,6.299
2012-03-01,6.3005
2012-02-29,6.2936
2012-02-28,6.2989
2012-02-27,6.3017
2012-02-26,6.297999999999999
2012-02-25,6.2981
2012-02-24,6.2981
2012-02-23,6.2989
2012-02-22,6.2971
2012-02-21,6.2969
2012-02-20,6.3015
2012-02-19,6.2989
2012-02-18,6.2989
2012-02-17,6.2989
2012-02-16,6.3018
2012-02-15,6.3
2012-02-14,6.2999
2012-02-13,6.2978
2012-02-12,6.2999
2012-02-11,6.2999
2012-02-10,6.2999
2012-02-09,6.295
2012-02-08,6.2949
2012-02-07,6.3047
2012-02-06,6.3122
2012-02-05,6.3029
2012-02-04,6.303
2012-02-03,6.303
2012-02-02,6.3019
2012-02-01,6.3077
2012-01-31,6.3083
2012-01-30,6.3301
2012-01-29,6.3341
2012-01-28,6.3346
2012-01-27,6.3346
2012-01-26,6.3348
2012-01-25,6.3346
2012-01-24,6.3348
2012-01-23,6.3347
2012-01-22,6.3349
2012-01-21,6.3347
2012-01-20,6.3347
2012-01-19,6.3163
2012-01-18,6.3115
2012-01-17,6.3138
2012-01-16,6.3163
2012-01-15,6.3068
2012-01-14,6.3067
2012-01-13,6.3067
2012-01-12,6.3179
2012-01-11,6.3154
2012-01-10,6.3149
2012-01-09,6.3146
2012-01-08,6.3094
2012-01-07,6.3093
2012-01-06,6.3093
2012-01-05,6.3014
2012-01-04,6.2943
2012-01-03,6.2942
2012-01-02,6.2942
2012-01-01,6.2941
2011-12-31,6.303
2011-12-30,6.2949
2011-12-29,6.319
2011-12-28,6.3210000000000015
2011-12-27,6.3218
2011-12-26,6.3192
2011-12-25,6.3372
2011-12-24,6.3369
2011-12-23,6.3371
2011-12-22,6.3395
2011-12-21,6.3387
2011-12-20,6.3472
2011-12-19,6.3376
2011-12-18,6.3484
2011-12-17,6.3506
2011-12-16,6.3506
2011-12-15,6.374
2011-12-14,6.3714
2011-12-13,6.3655
2011-12-12,6.3608
2011-12-11,6.3645
2011-12-10,6.3642
2011-12-09,6.3642
2011-12-08,6.3626
2011-12-07,6.3649
2011-12-06,6.3642
2011-12-05,6.3639
2011-12-04,6.3601
2011-12-03,6.3603
2011-12-02,6.3603
2011-12-01,6.3687
2011-11-30,6.3766
2011-11-29,6.3771
2011-11-28,6.3849
2011-11-27,6.3816
2011-11-26,6.3813
2011-11-25,6.3813
2011-11-24,6.3618
2011-11-23,6.3584
2011-11-22,6.3608
2011-11-21,6.3618
2011-11-20,6.3567
2011-11-19,6.3566
2011-11-18,6.3566
2011-11-17,6.3517
2011-11-16,6.3449
2011-11-15,6.3473
2011-11-14,6.3555
2011-11-13,6.3421
2011-11-12,6.3422
2011-11-11,6.3422
2011-11-10,6.3465
2011-11-09,6.3402
2011-11-08,6.3469
2011-11-07,6.3483
2011-11-06,6.3401
2011-11-05,6.3402
2011-11-04,6.3402
2011-11-03,6.3521
2011-11-02,6.3559
2011-11-01,6.3543
2011-10-31,6.355
2011-10-30,6.3541
2011-10-29,6.3538
2011-10-28,6.3538
2011-10-27,6.3604
2011-10-26,6.3539
2011-10-25,6.3607
2011-10-24,6.3752
2011-10-23,6.3835
2011-10-22,6.3837
2011-10-21,6.3837
2011-10-20,6.3845
2011-10-19,6.3777
2011-10-18,6.3809
2011-10-17,6.3704
2011-10-16,6.379
2011-10-15,6.379
2011-10-14,6.379
2011-10-13,6.3829
2011-10-12,6.3583
2011-10-11,6.3759
2011-10-10,6.3482
2011-10-09,6.3749
2011-10-08,6.3791
2011-10-07,6.3791
2011-10-06,6.3751
2011-10-05,6.3823
2011-10-04,6.3823
2011-10-03,6.3822
2011-10-02,6.3749
2011-10-01,6.375
2011-09-30,6.375
2011-09-29,6.3974
2011-09-28,6.3938
2011-09-27,6.3981
2011-09-26,6.3983
2011-09-25,6.3882
2011-09-24,6.3885
2011-09-23,6.3885
2011-09-22,6.3891
2011-09-21,6.3819
2011-09-20,6.3838
2011-09-19,6.3867
2011-09-18,6.3838
2011-09-17,6.3837
2011-09-16,6.3837
2011-09-15,6.3889999999999985
2011-09-14,6.3926
2011-09-13,6.3975
2011-09-12,6.3868
2011-09-11,6.3882
2011-09-10,6.3881
2011-09-09,6.3881
2011-09-08,6.3838
2011-09-07,6.3949
2011-09-06,6.3905
2011-09-05,6.3859
2011-09-04,6.3827
2011-09-03,6.3826
2011-09-02,6.3826
2011-09-01,6.3815
2011-08-31,6.3779
2011-08-30,6.3808
2011-08-29,6.381
2011-08-28,6.3873
2011-08-27,6.3870000000000005
2011-08-26,6.3870000000000005
2011-08-25,6.3908
2011-08-24,6.3889
2011-08-23,6.3961
2011-08-22,6.4011
2011-08-21,6.3915
2011-08-20,6.3915
2011-08-19,6.3915
2011-08-18,6.3877
2011-08-17,6.3870000000000005
2011-08-16,6.3827
2011-08-15,6.3906
2011-08-14,6.3895
2011-08-13,6.3897
2011-08-12,6.3897
2011-08-11,6.3939
2011-08-10,6.4176
2011-08-09,6.4309
2011-08-08,6.4314
2011-08-07,6.4407
2011-08-06,6.4406
2011-08-05,6.4406
2011-08-04,6.4381
2011-08-03,6.4341
2011-08-02,6.438
2011-08-01,6.4338
2011-07-31,6.4364
2011-07-30,6.4365
2011-07-29,6.4365
2011-07-28,6.4441
2011-07-27,6.4432
2011-07-26,6.4384
2011-07-25,6.4461
2011-07-24,6.4468
2011-07-23,6.4467
2011-07-22,6.4467
2011-07-21,6.4549
2011-07-20,6.459
2011-07-19,6.4629
2011-07-18,6.4688
2011-07-17,6.4620000000000015
2011-07-16,6.4618
2011-07-15,6.4618
2011-07-14,6.4604
2011-07-13,6.4691
2011-07-12,6.4748
2011-07-11,6.4673
2011-07-10,6.4647
2011-07-09,6.4648
2011-07-08,6.4648
2011-07-07,6.4661
2011-07-06,6.4683
2011-07-05,6.4679
2011-07-04,6.4631
2011-07-03,6.4651
2011-07-02,6.4659
2011-07-01,6.4659
2011-06-30,6.4639
2011-06-29,6.4636
2011-06-28,6.47
2011-06-27,6.4825
2011-06-26,6.474
2011-06-25,6.474
2011-06-24,6.474
2011-06-23,6.4679
2011-06-22,6.4632
2011-06-21,6.4645
2011-06-20,6.4744
2011-06-19,6.4693
2011-06-18,6.4694
2011-06-17,6.4694
2011-06-16,6.4757
2011-06-15,6.483
2011-06-14,6.4795
2011-06-13,6.484
2011-06-12,6.4804
2011-06-11,6.4803
2011-06-10,6.4803
2011-06-09,6.476
2011-06-08,6.4759
2011-06-07,6.4813
2011-06-06,6.4796
2011-06-05,6.4795
2011-06-04,6.4796
2011-06-03,6.4796
2011-06-02,6.4826
2011-06-01,6.4782
2011-05-31,6.4787
2011-05-30,6.4831
2011-05-29,6.4929999999999986
2011-05-28,6.4942
2011-05-27,6.4942
2011-05-26,6.4919
2011-05-25,6.4933
2011-05-24,6.5
2011-05-23,6.5061
2011-05-22,6.4928
2011-05-21,6.4922
2011-05-20,6.4922
2011-05-19,6.5047
2011-05-18,6.5037
2011-05-17,6.5059
2011-05-16,6.5089
2011-05-15,6.4978
2011-05-14,6.4982
2011-05-13,6.4982
2011-05-12,6.4991
2011-05-11,6.4938
2011-05-10,6.4922
2011-05-09,6.494
2011-05-08,6.4926
2011-05-07,6.4929999999999986
2011-05-06,6.4929999999999986
2011-05-05,6.4932
2011-05-04,6.4931
2011-05-03,6.4966
2011-05-02,6.49
2011-05-01,6.4909
2011-04-30,6.4908
2011-04-29,6.4908
2011-04-28,6.5018
2011-04-27,6.5116
2011-04-26,6.528
2011-04-25,6.5321
2011-04-24,6.5070000000000014
2011-04-23,6.5069
2011-04-22,6.5069
2011-04-21,6.4946
2011-04-20,6.5256
2011-04-19,6.5299
2011-04-18,6.5287
2011-04-17,6.5327
2011-04-16,6.5328
2011-04-15,6.5328
2011-04-14,6.5313
2011-04-13,6.5335
2011-04-12,6.5405
2011-04-11,6.5382
2011-04-10,6.5351
2011-04-09,6.5352
2011-04-08,6.5352
2011-04-07,6.5423
2011-04-06,6.5441
2011-04-05,6.5404
2011-04-04,6.5383
2011-04-03,6.5477
2011-04-02,6.5479
2011-04-01,6.5479
2011-03-31,6.5456
2011-03-30,6.5574
2011-03-29,6.5626
2011-03-28,6.5624
2011-03-27,6.5574
2011-03-26,6.5576
2011-03-25,6.5576
2011-03-24,6.5603
2011-03-23,6.5579
2011-03-22,6.5521
2011-03-21,6.5634
2011-03-20,6.5684
2011-03-19,6.5694
2011-03-18,6.5694
2011-03-17,6.5756
2011-03-16,6.5716
2011-03-15,6.5721
2011-03-14,6.5701
2011-03-13,6.5745
2011-03-12,6.5747
2011-03-11,6.5747
2011-03-10,6.5735
2011-03-09,6.5588
2011-03-08,6.5686
2011-03-07,6.5629
2011-03-06,6.5676
2011-03-05,6.5682
2011-03-04,6.5682
2011-03-03,6.5724
2011-03-02,6.5723
2011-03-01,6.5701
2011-02-28,6.5695
2011-02-27,6.5757
2011-02-26,6.573
2011-02-25,6.573
2011-02-24,6.5753
2011-02-23,6.5743
2011-02-22,6.5798
2011-02-21,6.5671
2011-02-20,6.5736
2011-02-19,6.5733
2011-02-18,6.5733
2011-02-17,6.5862
2011-02-16,6.5892
2011-02-15,6.589
2011-02-14,6.5966
2011-02-13,6.5920000000000005
2011-02-12,6.5920000000000005
2011-02-11,6.5920000000000005
2011-02-10,6.5869
2011-02-09,6.5925
2011-02-08,6.5554
2011-02-07,6.5615
2011-02-06,6.5574
2011-02-05,6.5573
2011-02-04,6.5573
2011-02-03,6.5574
2011-02-02,6.5576
2011-02-01,6.5958
2011-01-31,6.605
2011-01-30,6.5820000000000025
2011-01-29,6.5826
2011-01-28,6.5826
2011-01-27,6.5823
2011-01-26,6.5817
2011-01-25,6.5824
2011-01-24,6.5811
2011-01-23,6.5834
2011-01-22,6.5836
2011-01-21,6.5836
2011-01-20,6.5856
2011-01-19,6.5824
2011-01-18,6.5831
2011-01-17,6.5932
2011-01-16,6.5887
2011-01-15,6.5899
2011-01-14,6.5899
2011-01-13,6.6067
2011-01-12,6.6036
2011-01-11,6.6194
2011-01-10,6.6378
2011-01-09,6.6281
2011-01-08,6.6284
2011-01-07,6.6284
2011-01-06,6.6261
2011-01-05,6.6186
2011-01-04,6.6068
2011-01-03,6.5897
2011-01-02,6.5894
2011-01-01,6.5894
2010-12-31,6.5894
2010-12-30,6.6024
2010-12-29,6.6225
2010-12-28,6.6247
2010-12-27,6.6312
2010-12-26,6.6272
2010-12-25,6.6268
2010-12-24,6.6268
2010-12-23,6.6476
2010-12-22,6.6473
2010-12-21,6.6583
2010-12-20,6.6763
2010-12-19,6.6553
2010-12-18,6.6556
2010-12-17,6.6581
2010-12-16,6.6626
2010-12-15,6.6564
2010-12-14,6.6567
2010-12-13,6.6641
2010-12-12,6.6554
2010-12-11,6.6555
2010-12-10,6.654
2010-12-09,6.6562
2010-12-08,6.6599
2010-12-07,6.6464
2010-12-06,6.6504
2010-12-05,6.6615
2010-12-04,6.6614
2010-12-03,6.6611
2010-12-02,6.6615
2010-12-01,6.664
2010-11-30,6.6662
2010-11-29,6.6636
2010-11-28,6.669
2010-11-27,6.6685
2010-11-26,6.6636
2010-11-25,6.6504
2010-11-24,6.6506
2010-11-23,6.6446
2010-11-22,6.642
2010-11-21,6.6398
2010-11-20,6.6398
2010-11-19,6.6389999999999985
2010-11-18,6.6358
2010-11-17,6.6444
2010-11-16,6.6402
2010-11-15,6.6428
2010-11-14,6.6389
2010-11-13,6.6389999999999985
2010-11-12,6.6369
2010-11-11,6.6256
2010-11-10,6.6386
2010-11-09,6.6643
2010-11-08,6.6732
2010-11-07,6.6642
2010-11-06,6.6644
2010-11-05,6.6653
2010-11-04,6.6766
2010-11-03,6.681
2010-11-02,6.6868
2010-11-01,6.6897
2010-10-31,6.5945
2010-10-30,6.5945
2010-10-29,6.666
2010-10-28,6.6871
2010-10-27,6.6808
2010-10-26,6.6654
2010-10-25,6.6591
2010-10-24,6.6631
2010-10-23,6.6631
2010-10-22,6.6636
2010-10-21,6.6549
2010-10-20,6.6525
2010-10-19,6.6535
2010-10-18,6.6509
2010-10-17,6.6445
2010-10-16,6.627999999999999
2010-10-15,6.5839
2010-10-14,6.587999999999999
2010-10-13,6.6632
2010-10-12,6.6765
2010-10-11,6.6729
2010-10-10,6.6758
2010-10-09,6.6759
2010-10-08,6.6761
2010-10-07,6.6993
2010-10-06,6.6994
2010-10-05,6.702000000000001
2010-10-04,6.6859
2010-10-03,6.6883
2010-10-02,6.6883
2010-10-01,6.692
2010-09-30,6.6983
2010-09-29,6.6932
2010-09-28,6.6971
2010-09-27,6.6979
2010-09-26,6.7007
2010-09-25,6.6986
2010-09-24,6.7086
2010-09-23,6.711
2010-09-22,6.7108
2010-09-21,6.7115
2010-09-20,6.7288
2010-09-19,6.7342
2010-09-18,6.7339
2010-09-17,6.7277
2010-09-16,6.7353
2010-09-15,6.7515
2010-09-14,6.7573
2010-09-13,6.7573
2010-09-12,6.7714
2010-09-11,6.7817
2010-09-10,6.7892
2010-09-09,6.7959
2010-09-08,6.7931
2010-09-07,6.7986
2010-09-06,6.7927
2010-09-05,6.8003
2010-09-04,6.7974
2010-09-03,6.8014
2010-09-02,6.8131
2010-09-01,6.8084
2010-08-31,6.8104
2010-08-30,6.8054
2010-08-29,6.8082
2010-08-28,6.8035
2010-08-27,6.8055
2010-08-26,6.7995
2010-08-25,6.8
2010-08-24,6.816
2010-08-23,6.799
2010-08-22,6.7965
2010-08-21,6.7964
2010-08-20,6.7965
2010-08-19,6.803
2010-08-18,6.7963
2010-08-17,6.7981
2010-08-16,6.8007
2010-08-15,6.8049
2010-08-14,6.8023
2010-08-13,6.7848
2010-08-12,6.7856
2010-08-11,6.7893
2010-08-10,6.7841
2010-08-09,6.7712
2010-08-08,6.7661
2010-08-07,6.7665
2010-08-06,6.7704
2010-08-05,6.7812
2010-08-04,6.7809
2010-08-03,6.7744
2010-08-02,6.773
2010-08-01,6.78
2010-07-31,6.7803
2010-07-30,6.7835
2010-07-29,6.7789
2010-07-28,6.7833
2010-07-27,6.7831
2010-07-26,6.7756
2010-07-25,6.7851
2010-07-24,6.7856
2010-07-23,6.7771
2010-07-22,6.7776
2010-07-21,6.7859
2010-07-20,6.7826
2010-07-19,6.7825
2010-07-18,6.7801
2010-07-17,6.7813
2010-07-16,6.776
2010-07-15,6.7712
2010-07-14,6.7631
2010-07-13,6.7674
2010-07-12,6.7799
2010-07-11,6.7767
2010-07-10,6.7768
2010-07-09,6.7771
2010-07-08,6.7756
2010-07-07,6.7078
2010-07-06,6.7704
2010-07-05,6.7783
2010-07-04,6.7741
2010-07-03,6.7733
2010-07-02,6.78
2010-07-01,6.7798
2010-06-30,6.7884
2010-06-29,6.8031
2010-06-28,6.7999
2010-06-27,6.7899
2010-06-26,6.7929
2010-06-25,6.7963
2010-06-24,6.8042
2010-06-23,6.8017
2010-06-22,6.8183
2010-06-21,6.813
2010-06-20,6.8339
2010-06-19,6.8336
2010-06-18,6.8344
2010-06-17,6.8329999999999975
2010-06-16,6.8412
2010-06-15,6.8342
2010-06-14,6.8268
2010-06-13,6.841
2010-06-12,6.841
2010-06-11,6.8392
2010-06-10,6.8261
2010-06-09,6.8329999999999975
2010-06-08,6.8309
2010-06-07,6.8535
2010-06-06,6.8260000000000005
2010-06-05,6.8317
2010-06-04,6.8428
2010-06-03,6.8271
2010-06-02,6.8296
2010-06-01,6.83
2010-05-31,6.8236
2010-05-30,6.8371
2010-05-29,6.8367
2010-05-28,6.8475
2010-05-27,6.8125
2010-05-26,6.8296
2010-05-25,6.8326
2010-05-24,6.8342
2010-05-23,6.83
2010-05-22,6.8298
2010-05-21,6.8305
2010-05-20,6.8322
2010-05-19,6.8319
2010-05-18,6.8301
2010-05-17,6.8335
2010-05-16,6.8288
2010-05-15,6.8297
2010-05-14,6.83
2010-05-13,6.8329999999999975
2010-05-12,6.8329999999999975
2010-05-11,6.8306
2010-05-10,6.8281
2010-05-09,6.8258
2010-05-08,6.8268
2010-05-07,6.8287
2010-05-06,6.8305
2010-05-05,6.8308
2010-05-04,6.8307
2010-05-03,6.8281
2010-05-02,6.8309
2010-05-01,6.8297
2010-04-30,6.8319
2010-04-29,6.8284
2010-04-28,6.8272
2010-04-27,6.8308
2010-04-26,6.8268
2010-04-25,6.8329999999999975
2010-04-24,6.8333
2010-04-23,6.8298
2010-04-22,6.8322
2010-04-21,6.8292
2010-04-20,6.829
2010-04-19,6.8289
2010-04-18,6.8331
2010-04-17,6.8328
2010-04-16,6.8308
2010-04-15,6.8288
2010-04-14,6.8304
2010-04-13,6.8281
2010-04-12,6.8247
2010-04-11,6.8225
2010-04-10,6.824
2010-04-09,6.824
2010-04-08,6.8272
2010-04-07,6.8321
2010-04-06,6.8304
2010-04-05,6.8253
2010-04-04,6.8249
2010-04-03,6.8252
2010-04-02,6.8283
2010-04-01,6.8301
2010-03-31,6.8311
2010-03-30,6.8264
2010-03-29,6.8288
2010-03-28,6.8286
2010-03-27,6.8286
2010-03-26,6.8269
2010-03-25,6.8258
2010-03-24,6.8276
2010-03-23,6.831
2010-03-22,6.8316
2010-03-21,6.8285
2010-03-20,6.8272
2010-03-19,6.8313
2010-03-18,6.8287
2010-03-17,6.8266
2010-03-16,6.8272
2010-03-15,6.8254
2010-03-14,6.8271
2010-03-13,6.8271
2010-03-12,6.8283
2010-03-11,6.8299
2010-03-10,6.8305
2010-03-09,6.8308
2010-03-08,6.8273
2010-03-07,6.8268
2010-03-06,6.8264
2010-03-05,6.8281
2010-03-04,6.8291
2010-03-03,6.8265
2010-03-02,6.8285
2010-03-01,6.8303
2010-02-28,6.8279
2010-02-27,6.8302
2010-02-26,6.8266
2010-02-25,6.8322
2010-02-24,6.8268
2010-02-23,6.8289
2010-02-22,6.8307
2010-02-21,7.2841
2010-02-20,7.2841
2010-02-19,6.8364
2010-02-18,6.8387
2010-02-17,6.8385
2010-02-16,6.8378
2010-02-15,6.8379
2010-02-14,6.8391
2010-02-13,6.8370000000000015
2010-02-12,6.8346
2010-02-11,6.8329999999999975
2010-02-10,6.8311
2010-02-09,6.8308
2010-02-08,6.8318
2010-02-07,6.831
2010-02-06,6.8284
2010-02-05,6.8444
2010-02-04,6.8375
2010-02-03,6.8327
2010-02-02,6.8306
2010-02-01,6.8299
2010-01-31,6.8317
2010-01-30,6.8325
2010-01-29,6.8297
2010-01-28,6.835
2010-01-27,6.8315
2010-01-26,6.8299
2010-01-25,6.8316
2010-01-24,6.8313
2010-01-23,6.8351
2010-01-22,6.8318
2010-01-21,6.8285
2010-01-20,6.8309
2010-01-19,6.8319
2010-01-18,6.8316
2010-01-17,6.8329
2010-01-16,6.8295
2010-01-15,6.8297
2010-01-14,6.8313
2010-01-13,6.8378
2010-01-12,6.8433
2010-01-11,6.829
2010-01-10,6.8292
2010-01-09,6.8317
2010-01-08,6.8302
2010-01-07,6.8293
2010-01-06,6.834
2010-01-05,6.8314
2010-01-04,6.8297
2010-01-03,6.8322
2010-01-02,6.8309
2010-01-01,6.8297
2009-12-31,6.8279
2009-12-30,6.8291
2009-12-29,6.8346
2009-12-28,6.8263
2009-12-27,6.8291
2009-12-26,6.8295
2009-12-25,6.8299
2009-12-24,6.8303
2009-12-23,6.8305
2009-12-22,6.8309
2009-12-21,6.8309
2009-12-20,6.8279999999999985
2009-12-19,6.8276
2009-12-18,6.8288
2009-12-17,6.8324
2009-12-16,6.8303
2009-12-15,6.8303
2009-12-14,6.83
2009-12-13,6.8298
2009-12-12,6.8311
2009-12-11,6.8297
2009-12-10,6.8296
2009-12-09,6.8320000000000025
2009-12-08,6.8334
2009-12-07,6.8316
2009-12-06,6.8308
2009-12-05,6.8325
2009-12-04,6.8303
2009-12-03,6.8307
2009-12-02,6.829
2009-12-01,6.8285
2009-11-30,6.8282
2009-11-29,6.8283
2009-11-28,6.8291
2009-11-27,6.8301
2009-11-26,6.8317
2009-11-25,6.8292
2009-11-24,6.8319
2009-11-23,6.8299
2009-11-22,6.8338
2009-11-21,6.8339
2009-11-20,6.8301
2009-11-19,6.8315
2009-11-18,6.8287
2009-11-17,6.8281
2009-11-16,6.827000000000001
2009-11-15,6.8277
2009-11-14,6.8301
2009-11-13,6.8288
2009-11-12,6.829
2009-11-11,6.8288
2009-11-10,6.8296
2009-11-09,6.8275
2009-11-08,6.8233
2009-11-07,6.8269
2009-11-06,6.8276
2009-11-05,6.8278
2009-11-04,6.827000000000001
2009-11-03,6.8279999999999985
2009-11-02,6.8277
2009-11-01,6.8335
2009-10-31,6.8311
2009-10-30,6.8297
2009-10-29,6.8295
2009-10-28,6.8298
2009-10-27,6.8313
2009-10-26,6.8307
2009-10-25,6.8294
2009-10-24,6.8338
2009-10-23,6.8308
2009-10-22,6.8289
2009-10-21,6.8276
2009-10-20,6.8278
2009-10-19,6.8276
2009-10-18,6.8331
2009-10-17,6.8322
2009-10-16,6.8298
2009-10-15,6.8294
2009-10-14,6.8277
2009-10-13,6.8279999999999985
2009-10-12,6.8237
2009-10-11,6.8302
2009-10-10,6.8302
2009-10-09,6.8319
2009-10-08,6.831
2009-10-07,6.8311
2009-10-06,6.8312
2009-10-05,6.8265
2009-10-04,6.8265
2009-10-03,6.8265
2009-10-02,6.8265
2009-10-01,6.8264
